product_id,product_name,description
1,Apple iPhone 13,"The Apple iPhone 13 is Apple's latest smartphone, featuring advanced technology and sleek design, perfect for staying connected and capturing life's moments."
2,Samsung Galaxy S21,"The Samsung Galaxy S21 by Samsung offers cutting-edge features and performance, ideal for those who want a high-end smartphone experience."
3,Lenovo Yoga Laptop,"The Lenovo Yoga Laptop is a powerful and versatile computer, suitable for both work and entertainment. It combines high performance with portability."
4,HP Pavilion Laptop,"The HP Pavilion Laptop is a powerful and versatile computer, suitable for both work and entertainment. It combines high performance with portability."
5,Nike Running Shoes,"The Nike Running Shoes are designed for comfort and performance, making them perfect for athletes and fitness enthusiasts."
6,Adidas Sneakers,"The Adidas Sneakers is a high-quality Sports product, designed to meet all your needs and exceed expectations."
7,Sony WH-1000XM4 Headphones,"The Sony WH-1000XM4 Headphones is a high-quality Electronics product, designed to meet all your needs and exceed expectations."
8,Amazon Echo Dot,"The Amazon Echo Dot is a high-quality Electronics product, designed to meet all your needs and exceed expectations."
9,GoPro HERO9,"The GoPro HERO9 is a high-quality Electronics product, designed to meet all your needs and exceed expectations."
10,Puma Sports Jacket,"The Puma Sports Jacket is a high-quality Sports product, designed to meet all your needs and exceed expectations."
11,Samsung Galaxy Tab,"The Samsung Galaxy Tab by Samsung offers cutting-edge features and performance, ideal for those who want a high-end smartphone experience."
12,Reebok Running Shoes,"The Reebok Running Shoes are designed for comfort and performance, making them perfect for athletes and fitness enthusiasts."
13,Under Armour T-Shirt,"The Under Armour T-Shirt is a high-quality Sports product, designed to meet all your needs and exceed expectations."
14,Puma Gym Gloves,"The Puma Gym Gloves is a high-quality Sports product, designed to meet all your needs and exceed expectations."
15,Dell Inspiron Laptop,"The Dell Inspiron Laptop is a powerful and versatile computer, suitable for both work and entertainment. It combines high performance with portability."
16,Garmin Forerunner 45,"The Garmin Forerunner 45 is a high-quality Sports product, designed to meet all your needs and exceed expectations."
17,Apple MacBook Pro,"The Apple MacBook Pro is a high-quality Electronics product, designed to meet all your needs and exceed expectations."
18,Puma Gym Gloves,"The Puma Gym Gloves is a high-quality Sports product, designed to meet all your needs and exceed expectations."
19,Bose QuietComfort 35,"The Bose QuietComfort 35 is a high-quality Electronics product, designed to meet all your needs and exceed expectations."
20,New Balance Running Shorts,"The New Balance Running Shorts is a high-quality Sports product, designed to meet all your needs and exceed expectations."
21,Nike Yoga Mat,"The Nike Yoga Mat is a high-quality Sports product, designed to meet all your needs and exceed expectations."
22,Apple Watch Series 6,"The Apple Watch Series 6 is a high-quality Electronics product, designed to meet all your needs and exceed expectations."
23,Garmin Forerunner 45,"The Garmin Forerunner 45 is a high-quality Sports product, designed to meet all your needs and exceed expectations."
24,Sony PlayStation 5,"The Sony PlayStation 5 is a high-quality Electronics product, designed to meet all your needs and exceed expectations."
25,Asics Gel-Kayano 27,"The Asics Gel-Kayano 27 is a high-quality Sports product, designed to meet all your needs and exceed expectations."
26,Asics Gel-Kayano 27,"The Asics Gel-Kayano 27 is a high-quality Sports product, designed to meet all your needs and exceed expectations."
27,Puma Gym Gloves,"The Puma Gym Gloves is a high-quality Sports product, designed to meet all your needs and exceed expectations."
28,Fitbit Charge 4,"The Fitbit Charge 4 is a high-quality Sports product, designed to meet all your needs and exceed expectations."
29,Samsung Galaxy Tab,"The Samsung Galaxy Tab by Samsung offers cutting-edge features and performance, ideal for those who want a high-end smartphone experience."
30,Asics Gel-Kayano 27,"The Asics Gel-Kayano 27 is a high-quality Sports product, designed to meet all your needs and exceed expectations."
31,Wilson Tennis Racket,"The Wilson Tennis Racket is a high-quality Sports product, designed to meet all your needs and exceed expectations."
32,Google Nest Hub,"The Google Nest Hub is a high-quality Electronics product, designed to meet all your needs and exceed expectations."
33,Canon EOS M50,"The Canon EOS M50 is a high-quality Electronics product, designed to meet all your needs and exceed expectations."
34,Canon EOS M50,"The Canon EOS M50 is a high-quality Electronics product, designed to meet all your needs and exceed expectations."
35,Canon EOS M50,"The Canon EOS M50 is a high-quality Electronics product, designed to meet all your needs and exceed expectations."
36,Reebok Running Shoes,"The Reebok Running Shoes are designed for comfort and performance, making them perfect for athletes and fitness enthusiasts."
37,Bose QuietComfort 35,"The Bose QuietComfort 35 is a high-quality Electronics product, designed to meet all your needs and exceed expectations."
38,Samsung Galaxy Tab,"The Samsung Galaxy Tab by Samsung offers cutting-edge features and performance, ideal for those who want a high-end smartphone experience."
39,Roku Streaming Stick,"The Roku Streaming Stick is a high-quality Electronics product, designed to meet all your needs and exceed expectations."
40,Apple Watch Series 6,"The Apple Watch Series 6 is a high-quality Electronics product, designed to meet all your needs and exceed expectations."
41,Apple Watch Series 6,"The Apple Watch Series 6 is a high-quality Electronics product, designed to meet all your needs and exceed expectations."
42,Apple MacBook Pro,"The Apple MacBook Pro is a high-quality Electronics product, designed to meet all your needs and exceed expectations."
43,New Balance Running Shorts,"The New Balance Running Shorts is a high-quality Sports product, designed to meet all your needs and exceed expectations."
44,Bose QuietComfort 35,"The Bose QuietComfort 35 is a high-quality Electronics product, designed to meet all your needs and exceed expectations."
45,Nike Yoga Mat,"The Nike Yoga Mat is a high-quality Sports product, designed to meet all your needs and exceed expectations."
46,Google Nest Hub,"The Google Nest Hub is a high-quality Electronics product, designed to meet all your needs and exceed expectations."
47,Fitbit Charge 4,"The Fitbit Charge 4 is a high-quality Sports product, designed to meet all your needs and exceed expectations."
48,Samsung Galaxy Tab,"The Samsung Galaxy Tab by Samsung offers cutting-edge features and performance, ideal for those who want a high-end smartphone experience."
49,Nike Yoga Mat,"The Nike Yoga Mat is a high-quality Sports product, designed to meet all your needs and exceed expectations."
50,Puma Gym Gloves,"The Puma Gym Gloves is a high-quality Sports product, designed to meet all your needs and exceed expectations."
51,Reebok Running Shoes,"The Reebok Running Shoes are designed for comfort and performance, making them perfect for athletes and fitness enthusiasts."
52,Under Armour T-Shirt,"The Under Armour T-Shirt is a high-quality Sports product, designed to meet all your needs and exceed expectations."
53,Canon EOS M50,"The Canon EOS M50 is a high-quality Electronics product, designed to meet all your needs and exceed expectations."
54,New Balance Running Shorts,"The New Balance Running Shorts is a high-quality Sports product, designed to meet all your needs and exceed expectations."
55,Apple Watch Series 6,"The Apple Watch Series 6 is a high-quality Electronics product, designed to meet all your needs and exceed expectations."
56,Bose QuietComfort 35,"The Bose QuietComfort 35 is a high-quality Electronics product, designed to meet all your needs and exceed expectations."
57,Canon EOS M50,"The Canon EOS M50 is a high-quality Electronics product, designed to meet all your needs and exceed expectations."
58,Under Armour T-Shirt,"The Under Armour T-Shirt is a high-quality Sports product, designed to meet all your needs and exceed expectations."
59,Roku Streaming Stick,"The Roku Streaming Stick is a high-quality Electronics product, designed to meet all your needs and exceed expectations."
60,Google Nest Hub,"The Google Nest Hub is a high-quality Electronics product, designed to meet all your needs and exceed expectations."
61,Under Armour T-Shirt,"The Under Armour T-Shirt is a high-quality Sports product, designed to meet all your needs and exceed expectations."
62,Google Nest Hub,"The Google Nest Hub is a high-quality Electronics product, designed to meet all your needs and exceed expectations."
63,Wilson Tennis Racket,"The Wilson Tennis Racket is a high-quality Sports product, designed to meet all your needs and exceed expectations."
64,Reebok Running Shoes,"The Reebok Running Shoes are designed for comfort and performance, making them perfect for athletes and fitness enthusiasts."
65,Sony PlayStation 5,"The Sony PlayStation 5 is a high-quality Electronics product, designed to meet all your needs and exceed expectations."
66,Reebok Running Shoes,"The Reebok Running Shoes are designed for comfort and performance, making them perfect for athletes and fitness enthusiasts."
67,Nike Yoga Mat,"The Nike Yoga Mat is a high-quality Sports product, designed to meet all your needs and exceed expectations."
68,Garmin Forerunner 45,"The Garmin Forerunner 45 is a high-quality Sports product, designed to meet all your needs and exceed expectations."
69,Samsung Galaxy Tab,"The Samsung Galaxy Tab by Samsung offers cutting-edge features and performance, ideal for those who want a high-end smartphone experience."
70,Google Nest Hub,"The Google Nest Hub is a high-quality Electronics product, designed to meet all your needs and exceed expectations."
71,Samsung Galaxy Tab,"The Samsung Galaxy Tab by Samsung offers cutting-edge features and performance, ideal for those who want a high-end smartphone experience."
72,Wilson Tennis Racket,"The Wilson Tennis Racket is a high-quality Sports product, designed to meet all your needs and exceed expectations."
73,Apple Watch Series 6,"The Apple Watch Series 6 is a high-quality Electronics product, designed to meet all your needs and exceed expectations."
74,Apple Watch Series 6,"The Apple Watch Series 6 is a high-quality Electronics product, designed to meet all your needs and exceed expectations."
75,Asics Gel-Kayano 27,"The Asics Gel-Kayano 27 is a high-quality Sports product, designed to meet all your needs and exceed expectations."
76,Roku Streaming Stick,"The Roku Streaming Stick is a high-quality Electronics product, designed to meet all your needs and exceed expectations."
77,Puma Gym Gloves,"The Puma Gym Gloves is a high-quality Sports product, designed to meet all your needs and exceed expectations."
78,Roku Streaming Stick,"The Roku Streaming Stick is a high-quality Electronics product, designed to meet all your needs and exceed expectations."
79,Reebok Running Shoes,"The Reebok Running Shoes are designed for comfort and performance, making them perfect for athletes and fitness enthusiasts."
80,Puma Gym Gloves,"The Puma Gym Gloves is a high-quality Sports product, designed to meet all your needs and exceed expectations."
81,Asics Gel-Kayano 27,"The Asics Gel-Kayano 27 is a high-quality Sports product, designed to meet all your needs and exceed expectations."
82,Reebok Running Shoes,"The Reebok Running Shoes are designed for comfort and performance, making them perfect for athletes and fitness enthusiasts."
83,Google Nest Hub,"The Google Nest Hub is a high-quality Electronics product, designed to meet all your needs and exceed expectations."
84,Canon EOS M50,"The Canon EOS M50 is a high-quality Electronics product, designed to meet all your needs and exceed expectations."
85,Nike Yoga Mat,"The Nike Yoga Mat is a high-quality Sports product, designed to meet all your needs and exceed expectations."
86,Google Nest Hub,"The Google Nest Hub is a high-quality Electronics product, designed to meet all your needs and exceed expectations."
87,Dell Inspiron Laptop,"The Dell Inspiron Laptop is a powerful and versatile computer, suitable for both work and entertainment. It combines high performance with portability."
88,Apple MacBook Pro,"The Apple MacBook Pro is a high-quality Electronics product, designed to meet all your needs and exceed expectations."
89,Asics Gel-Kayano 27,"The Asics Gel-Kayano 27 is a high-quality Sports product, designed to meet all your needs and exceed expectations."
90,Bose QuietComfort 35,"The Bose QuietComfort 35 is a high-quality Electronics product, designed to meet all your needs and exceed expectations."
91,Under Armour T-Shirt,"The Under Armour T-Shirt is a high-quality Sports product, designed to meet all your needs and exceed expectations."
92,New Balance Running Shorts,"The New Balance Running Shorts is a high-quality Sports product, designed to meet all your needs and exceed expectations."
93,Puma Gym Gloves,"The Puma Gym Gloves is a high-quality Sports product, designed to meet all your needs and exceed expectations."
94,New Balance Running Shorts,"The New Balance Running Shorts is a high-quality Sports product, designed to meet all your needs and exceed expectations."
95,Fitbit Charge 4,"The Fitbit Charge 4 is a high-quality Sports product, designed to meet all your needs and exceed expectations."
96,Bose QuietComfort 35,"The Bose QuietComfort 35 is a high-quality Electronics product, designed to meet all your needs and exceed expectations."
97,Google Nest Hub,"The Google Nest Hub is a high-quality Electronics product, designed to meet all your needs and exceed expectations."
98,Under Armour T-Shirt,"The Under Armour T-Shirt is a high-quality Sports product, designed to meet all your needs and exceed expectations."
99,Sony PlayStation 5,"The Sony PlayStation 5 is a high-quality Electronics product, designed to meet all your needs and exceed expectations."
100,Nike Yoga Mat,"The Nike Yoga Mat is a high-quality Sports product, designed to meet all your needs and exceed expectations."
101,Fitbit Charge 4,"The Fitbit Charge 4 is a high-quality Sports product, designed to meet all your needs and exceed expectations."
102,Roku Streaming Stick,"The Roku Streaming Stick is a high-quality Electronics product, designed to meet all your needs and exceed expectations."
103,Sony PlayStation 5,"The Sony PlayStation 5 is a high-quality Electronics product, designed to meet all your needs and exceed expectations."
104,Garmin Forerunner 45,"The Garmin Forerunner 45 is a high-quality Sports product, designed to meet all your needs and exceed expectations."
105,Canon EOS M50,"The Canon EOS M50 is a high-quality Electronics product, designed to meet all your needs and exceed expectations."
106,Garmin Forerunner 45,"The Garmin Forerunner 45 is a high-quality Sports product, designed to meet all your needs and exceed expectations."
107,Bose QuietComfort 35,"The Bose QuietComfort 35 is a high-quality Electronics product, designed to meet all your needs and exceed expectations."
108,Adidas Sports Bag,"The Adidas Sports Bag is a high-quality Sports product, designed to meet all your needs and exceed expectations."
109,Bose QuietComfort 35,"The Bose QuietComfort 35 is a high-quality Electronics product, designed to meet all your needs and exceed expectations."
110,Bose QuietComfort 35,"The Bose QuietComfort 35 is a high-quality Electronics product, designed to meet all your needs and exceed expectations."
111,Google Nest Hub,"The Google Nest Hub is a high-quality Electronics product, designed to meet all your needs and exceed expectations."
112,Bose QuietComfort 35,"The Bose QuietComfort 35 is a high-quality Electronics product, designed to meet all your needs and exceed expectations."
113,Roku Streaming Stick,"The Roku Streaming Stick is a high-quality Electronics product, designed to meet all your needs and exceed expectations."
114,Samsung Galaxy Tab,"The Samsung Galaxy Tab by Samsung offers cutting-edge features and performance, ideal for those who want a high-end smartphone experience."
115,Under Armour T-Shirt,"The Under Armour T-Shirt is a high-quality Sports product, designed to meet all your needs and exceed expectations."
116,Dell Inspiron Laptop,"The Dell Inspiron Laptop is a powerful and versatile computer, suitable for both work and entertainment. It combines high performance with portability."
117,Canon EOS M50,"The Canon EOS M50 is a high-quality Electronics product, designed to meet all your needs and exceed expectations."
118,Canon EOS M50,"The Canon EOS M50 is a high-quality Electronics product, designed to meet all your needs and exceed expectations."
119,New Balance Running Shorts,"The New Balance Running Shorts is a high-quality Sports product, designed to meet all your needs and exceed expectations."
120,Asics Gel-Kayano 27,"The Asics Gel-Kayano 27 is a high-quality Sports product, designed to meet all your needs and exceed expectations."
121,Adidas Sports Bag,"The Adidas Sports Bag is a high-quality Sports product, designed to meet all your needs and exceed expectations."
122,New Balance Running Shorts,"The New Balance Running Shorts is a high-quality Sports product, designed to meet all your needs and exceed expectations."
123,Canon EOS M50,"The Canon EOS M50 is a high-quality Electronics product, designed to meet all your needs and exceed expectations."
124,Sony PlayStation 5,"The Sony PlayStation 5 is a high-quality Electronics product, designed to meet all your needs and exceed expectations."
125,Wilson Tennis Racket,"The Wilson Tennis Racket is a high-quality Sports product, designed to meet all your needs and exceed expectations."
126,Samsung Galaxy Tab,"The Samsung Galaxy Tab by Samsung offers cutting-edge features and performance, ideal for those who want a high-end smartphone experience."
127,Apple Watch Series 6,"The Apple Watch Series 6 is a high-quality Electronics product, designed to meet all your needs and exceed expectations."
128,Adidas Sports Bag,"The Adidas Sports Bag is a high-quality Sports product, designed to meet all your needs and exceed expectations."
129,Bose QuietComfort 35,"The Bose QuietComfort 35 is a high-quality Electronics product, designed to meet all your needs and exceed expectations."
130,Wilson Tennis Racket,"The Wilson Tennis Racket is a high-quality Sports product, designed to meet all your needs and exceed expectations."
131,Apple MacBook Pro,"The Apple MacBook Pro is a high-quality Electronics product, designed to meet all your needs and exceed expectations."
132,Dell Inspiron Laptop,"The Dell Inspiron Laptop is a powerful and versatile computer, suitable for both work and entertainment. It combines high performance with portability."
133,Google Nest Hub,"The Google Nest Hub is a high-quality Electronics product, designed to meet all your needs and exceed expectations."
134,Sony PlayStation 5,"The Sony PlayStation 5 is a high-quality Electronics product, designed to meet all your needs and exceed expectations."
135,Apple Watch Series 6,"The Apple Watch Series 6 is a high-quality Electronics product, designed to meet all your needs and exceed expectations."
136,Apple Watch Series 6,"The Apple Watch Series 6 is a high-quality Electronics product, designed to meet all your needs and exceed expectations."
137,Microsoft Surface Pro,"The Microsoft Surface Pro is a high-quality Electronics product, designed to meet all your needs and exceed expectations."
138,Puma Gym Gloves,"The Puma Gym Gloves is a high-quality Sports product, designed to meet all your needs and exceed expectations."
139,Garmin Forerunner 45,"The Garmin Forerunner 45 is a high-quality Sports product, designed to meet all your needs and exceed expectations."
140,Wilson Tennis Racket,"The Wilson Tennis Racket is a high-quality Sports product, designed to meet all your needs and exceed expectations."
141,Fitbit Charge 4,"The Fitbit Charge 4 is a high-quality Sports product, designed to meet all your needs and exceed expectations."
142,Puma Gym Gloves,"The Puma Gym Gloves is a high-quality Sports product, designed to meet all your needs and exceed expectations."
143,Google Nest Hub,"The Google Nest Hub is a high-quality Electronics product, designed to meet all your needs and exceed expectations."
144,Puma Gym Gloves,"The Puma Gym Gloves is a high-quality Sports product, designed to meet all your needs and exceed expectations."
145,Microsoft Surface Pro,"The Microsoft Surface Pro is a high-quality Electronics product, designed to meet all your needs and exceed expectations."
146,Adidas Sports Bag,"The Adidas Sports Bag is a high-quality Sports product, designed to meet all your needs and exceed expectations."
147,Reebok Running Shoes,"The Reebok Running Shoes are designed for comfort and performance, making them perfect for athletes and fitness enthusiasts."
148,Samsung Galaxy Tab,"The Samsung Galaxy Tab by Samsung offers cutting-edge features and performance, ideal for those who want a high-end smartphone experience."
149,Dell Inspiron Laptop,"The Dell Inspiron Laptop is a powerful and versatile computer, suitable for both work and entertainment. It combines high performance with portability."
150,Canon EOS M50,"The Canon EOS M50 is a high-quality Electronics product, designed to meet all your needs and exceed expectations."
151,Roku Streaming Stick,"The Roku Streaming Stick is a high-quality Electronics product, designed to meet all your needs and exceed expectations."
152,Fitbit Charge 4,"The Fitbit Charge 4 is a high-quality Sports product, designed to meet all your needs and exceed expectations."
153,Google Nest Hub,"The Google Nest Hub is a high-quality Electronics product, designed to meet all your needs and exceed expectations."
154,Under Armour T-Shirt,"The Under Armour T-Shirt is a high-quality Sports product, designed to meet all your needs and exceed expectations."
155,Roku Streaming Stick,"The Roku Streaming Stick is a high-quality Electronics product, designed to meet all your needs and exceed expectations."
156,Nike Yoga Mat,"The Nike Yoga Mat is a high-quality Sports product, designed to meet all your needs and exceed expectations."
157,Asics Gel-Kayano 27,"The Asics Gel-Kayano 27 is a high-quality Sports product, designed to meet all your needs and exceed expectations."
158,Adidas Sports Bag,"The Adidas Sports Bag is a high-quality Sports product, designed to meet all your needs and exceed expectations."
159,Adidas Sports Bag,"The Adidas Sports Bag is a high-quality Sports product, designed to meet all your needs and exceed expectations."
160,Garmin Forerunner 45,"The Garmin Forerunner 45 is a high-quality Sports product, designed to meet all your needs and exceed expectations."
161,Asics Gel-Kayano 27,"The Asics Gel-Kayano 27 is a high-quality Sports product, designed to meet all your needs and exceed expectations."
162,Google Nest Hub,"The Google Nest Hub is a high-quality Electronics product, designed to meet all your needs and exceed expectations."
163,Adidas Sports Bag,"The Adidas Sports Bag is a high-quality Sports product, designed to meet all your needs and exceed expectations."
164,Wilson Tennis Racket,"The Wilson Tennis Racket is a high-quality Sports product, designed to meet all your needs and exceed expectations."
165,Apple MacBook Pro,"The Apple MacBook Pro is a high-quality Electronics product, designed to meet all your needs and exceed expectations."
166,Fitbit Charge 4,"The Fitbit Charge 4 is a high-quality Sports product, designed to meet all your needs and exceed expectations."
167,Google Nest Hub,"The Google Nest Hub is a high-quality Electronics product, designed to meet all your needs and exceed expectations."
168,Apple Watch Series 6,"The Apple Watch Series 6 is a high-quality Electronics product, designed to meet all your needs and exceed expectations."
169,Roku Streaming Stick,"The Roku Streaming Stick is a high-quality Electronics product, designed to meet all your needs and exceed expectations."
170,Samsung Galaxy Tab,"The Samsung Galaxy Tab by Samsung offers cutting-edge features and performance, ideal for those who want a high-end smartphone experience."
171,Dell Inspiron Laptop,"The Dell Inspiron Laptop is a powerful and versatile computer, suitable for both work and entertainment. It combines high performance with portability."
172,Asics Gel-Kayano 27,"The Asics Gel-Kayano 27 is a high-quality Sports product, designed to meet all your needs and exceed expectations."
173,Adidas Sports Bag,"The Adidas Sports Bag is a high-quality Sports product, designed to meet all your needs and exceed expectations."
174,New Balance Running Shorts,"The New Balance Running Shorts is a high-quality Sports product, designed to meet all your needs and exceed expectations."
175,Apple Watch Series 6,"The Apple Watch Series 6 is a high-quality Electronics product, designed to meet all your needs and exceed expectations."
176,Canon EOS M50,"The Canon EOS M50 is a high-quality Electronics product, designed to meet all your needs and exceed expectations."
177,Reebok Running Shoes,"The Reebok Running Shoes are designed for comfort and performance, making them perfect for athletes and fitness enthusiasts."
178,Canon EOS M50,"The Canon EOS M50 is a high-quality Electronics product, designed to meet all your needs and exceed expectations."
179,Google Nest Hub,"The Google Nest Hub is a high-quality Electronics product, designed to meet all your needs and exceed expectations."
180,Canon EOS M50,"The Canon EOS M50 is a high-quality Electronics product, designed to meet all your needs and exceed expectations."
181,Canon EOS M50,"The Canon EOS M50 is a high-quality Electronics product, designed to meet all your needs and exceed expectations."
182,Puma Gym Gloves,"The Puma Gym Gloves is a high-quality Sports product, designed to meet all your needs and exceed expectations."
183,Sony PlayStation 5,"The Sony PlayStation 5 is a high-quality Electronics product, designed to meet all your needs and exceed expectations."
184,Puma Gym Gloves,"The Puma Gym Gloves is a high-quality Sports product, designed to meet all your needs and exceed expectations."
185,Puma Gym Gloves,"The Puma Gym Gloves is a high-quality Sports product, designed to meet all your needs and exceed expectations."
186,Samsung Galaxy Tab,"The Samsung Galaxy Tab by Samsung offers cutting-edge features and performance, ideal for those who want a high-end smartphone experience."
187,Garmin Forerunner 45,"The Garmin Forerunner 45 is a high-quality Sports product, designed to meet all your needs and exceed expectations."
188,Nike Yoga Mat,"The Nike Yoga Mat is a high-quality Sports product, designed to meet all your needs and exceed expectations."
189,Under Armour T-Shirt,"The Under Armour T-Shirt is a high-quality Sports product, designed to meet all your needs and exceed expectations."
190,Canon EOS M50,"The Canon EOS M50 is a high-quality Electronics product, designed to meet all your needs and exceed expectations."
191,Dell Inspiron Laptop,"The Dell Inspiron Laptop is a powerful and versatile computer, suitable for both work and entertainment. It combines high performance with portability."
192,Garmin Forerunner 45,"The Garmin Forerunner 45 is a high-quality Sports product, designed to meet all your needs and exceed expectations."
193,Apple Watch Series 6,"The Apple Watch Series 6 is a high-quality Electronics product, designed to meet all your needs and exceed expectations."
194,Under Armour T-Shirt,"The Under Armour T-Shirt is a high-quality Sports product, designed to meet all your needs and exceed expectations."
195,Bose QuietComfort 35,"The Bose QuietComfort 35 is a high-quality Electronics product, designed to meet all your needs and exceed expectations."
196,Wilson Tennis Racket,"The Wilson Tennis Racket is a high-quality Sports product, designed to meet all your needs and exceed expectations."
197,Nike Yoga Mat,"The Nike Yoga Mat is a high-quality Sports product, designed to meet all your needs and exceed expectations."
198,Microsoft Surface Pro,"The Microsoft Surface Pro is a high-quality Electronics product, designed to meet all your needs and exceed expectations."
199,Sony PlayStation 5,"The Sony PlayStation 5 is a high-quality Electronics product, designed to meet all your needs and exceed expectations."
200,New Balance Running Shorts,"The New Balance Running Shorts is a high-quality Sports product, designed to meet all your needs and exceed expectations."
201,New Balance Running Shorts,"The New Balance Running Shorts is a high-quality Sports product, designed to meet all your needs and exceed expectations."
202,Asics Gel-Kayano 27,"The Asics Gel-Kayano 27 is a high-quality Sports product, designed to meet all your needs and exceed expectations."
203,Puma Gym Gloves,"The Puma Gym Gloves is a high-quality Sports product, designed to meet all your needs and exceed expectations."
204,Bose QuietComfort 35,"The Bose QuietComfort 35 is a high-quality Electronics product, designed to meet all your needs and exceed expectations."
205,New Balance Running Shorts,"The New Balance Running Shorts is a high-quality Sports product, designed to meet all your needs and exceed expectations."
206,New Balance Running Shorts,"The New Balance Running Shorts is a high-quality Sports product, designed to meet all your needs and exceed expectations."
207,Wilson Tennis Racket,"The Wilson Tennis Racket is a high-quality Sports product, designed to meet all your needs and exceed expectations."
208,New Balance Running Shorts,"The New Balance Running Shorts is a high-quality Sports product, designed to meet all your needs and exceed expectations."
209,Adidas Sports Bag,"The Adidas Sports Bag is a high-quality Sports product, designed to meet all your needs and exceed expectations."
210,Apple Watch Series 6,"The Apple Watch Series 6 is a high-quality Electronics product, designed to meet all your needs and exceed expectations."
211,Microsoft Surface Pro,"The Microsoft Surface Pro is a high-quality Electronics product, designed to meet all your needs and exceed expectations."
212,Wilson Tennis Racket,"The Wilson Tennis Racket is a high-quality Sports product, designed to meet all your needs and exceed expectations."
213,Asics Gel-Kayano 27,"The Asics Gel-Kayano 27 is a high-quality Sports product, designed to meet all your needs and exceed expectations."
214,Sony PlayStation 5,"The Sony PlayStation 5 is a high-quality Electronics product, designed to meet all your needs and exceed expectations."
215,Asics Gel-Kayano 27,"The Asics Gel-Kayano 27 is a high-quality Sports product, designed to meet all your needs and exceed expectations."
216,Fitbit Charge 4,"The Fitbit Charge 4 is a high-quality Sports product, designed to meet all your needs and exceed expectations."
217,Bose QuietComfort 35,"The Bose QuietComfort 35 is a high-quality Electronics product, designed to meet all your needs and exceed expectations."
218,Sony PlayStation 5,"The Sony PlayStation 5 is a high-quality Electronics product, designed to meet all your needs and exceed expectations."
219,Bose QuietComfort 35,"The Bose QuietComfort 35 is a high-quality Electronics product, designed to meet all your needs and exceed expectations."
220,Sony PlayStation 5,"The Sony PlayStation 5 is a high-quality Electronics product, designed to meet all your needs and exceed expectations."
221,Bose QuietComfort 35,"The Bose QuietComfort 35 is a high-quality Electronics product, designed to meet all your needs and exceed expectations."
222,Samsung Galaxy Tab,"The Samsung Galaxy Tab by Samsung offers cutting-edge features and performance, ideal for those who want a high-end smartphone experience."
223,Canon EOS M50,"The Canon EOS M50 is a high-quality Electronics product, designed to meet all your needs and exceed expectations."
224,Reebok Running Shoes,"The Reebok Running Shoes are designed for comfort and performance, making them perfect for athletes and fitness enthusiasts."
225,Google Nest Hub,"The Google Nest Hub is a high-quality Electronics product, designed to meet all your needs and exceed expectations."
226,Apple Watch Series 6,"The Apple Watch Series 6 is a high-quality Electronics product, designed to meet all your needs and exceed expectations."
227,Adidas Sports Bag,"The Adidas Sports Bag is a high-quality Sports product, designed to meet all your needs and exceed expectations."
228,Wilson Tennis Racket,"The Wilson Tennis Racket is a high-quality Sports product, designed to meet all your needs and exceed expectations."
229,Nike Yoga Mat,"The Nike Yoga Mat is a high-quality Sports product, designed to meet all your needs and exceed expectations."
230,Bose QuietComfort 35,"The Bose QuietComfort 35 is a high-quality Electronics product, designed to meet all your needs and exceed expectations."
231,Dell Inspiron Laptop,"The Dell Inspiron Laptop is a powerful and versatile computer, suitable for both work and entertainment. It combines high performance with portability."
232,Dell Inspiron Laptop,"The Dell Inspiron Laptop is a powerful and versatile computer, suitable for both work and entertainment. It combines high performance with portability."
233,Puma Gym Gloves,"The Puma Gym Gloves is a high-quality Sports product, designed to meet all your needs and exceed expectations."
234,Sony PlayStation 5,"The Sony PlayStation 5 is a high-quality Electronics product, designed to meet all your needs and exceed expectations."
235,Microsoft Surface Pro,"The Microsoft Surface Pro is a high-quality Electronics product, designed to meet all your needs and exceed expectations."
236,Garmin Forerunner 45,"The Garmin Forerunner 45 is a high-quality Sports product, designed to meet all your needs and exceed expectations."
237,New Balance Running Shorts,"The New Balance Running Shorts is a high-quality Sports product, designed to meet all your needs and exceed expectations."
238,Asics Gel-Kayano 27,"The Asics Gel-Kayano 27 is a high-quality Sports product, designed to meet all your needs and exceed expectations."
239,Apple MacBook Pro,"The Apple MacBook Pro is a high-quality Electronics product, designed to meet all your needs and exceed expectations."
240,Adidas Sports Bag,"The Adidas Sports Bag is a high-quality Sports product, designed to meet all your needs and exceed expectations."
241,Apple MacBook Pro,"The Apple MacBook Pro is a high-quality Electronics product, designed to meet all your needs and exceed expectations."
242,Dell Inspiron Laptop,"The Dell Inspiron Laptop is a powerful and versatile computer, suitable for both work and entertainment. It combines high performance with portability."
243,Under Armour T-Shirt,"The Under Armour T-Shirt is a high-quality Sports product, designed to meet all your needs and exceed expectations."
244,Reebok Running Shoes,"The Reebok Running Shoes are designed for comfort and performance, making them perfect for athletes and fitness enthusiasts."
245,Apple MacBook Pro,"The Apple MacBook Pro is a high-quality Electronics product, designed to meet all your needs and exceed expectations."
246,Canon EOS M50,"The Canon EOS M50 is a high-quality Electronics product, designed to meet all your needs and exceed expectations."
247,Adidas Sports Bag,"The Adidas Sports Bag is a high-quality Sports product, designed to meet all your needs and exceed expectations."
248,Under Armour T-Shirt,"The Under Armour T-Shirt is a high-quality Sports product, designed to meet all your needs and exceed expectations."
249,Microsoft Surface Pro,"The Microsoft Surface Pro is a high-quality Electronics product, designed to meet all your needs and exceed expectations."
250,Puma Gym Gloves,"The Puma Gym Gloves is a high-quality Sports product, designed to meet all your needs and exceed expectations."
251,Samsung Galaxy Tab,"The Samsung Galaxy Tab by Samsung offers cutting-edge features and performance, ideal for those who want a high-end smartphone experience."
252,Microsoft Surface Pro,"The Microsoft Surface Pro is a high-quality Electronics product, designed to meet all your needs and exceed expectations."
253,Samsung Galaxy Tab,"The Samsung Galaxy Tab by Samsung offers cutting-edge features and performance, ideal for those who want a high-end smartphone experience."
254,Google Nest Hub,"The Google Nest Hub is a high-quality Electronics product, designed to meet all your needs and exceed expectations."
255,Apple Watch Series 6,"The Apple Watch Series 6 is a high-quality Electronics product, designed to meet all your needs and exceed expectations."
256,New Balance Running Shorts,"The New Balance Running Shorts is a high-quality Sports product, designed to meet all your needs and exceed expectations."
257,Apple Watch Series 6,"The Apple Watch Series 6 is a high-quality Electronics product, designed to meet all your needs and exceed expectations."
258,Garmin Forerunner 45,"The Garmin Forerunner 45 is a high-quality Sports product, designed to meet all your needs and exceed expectations."
259,Puma Gym Gloves,"The Puma Gym Gloves is a high-quality Sports product, designed to meet all your needs and exceed expectations."
260,New Balance Running Shorts,"The New Balance Running Shorts is a high-quality Sports product, designed to meet all your needs and exceed expectations."
261,Google Nest Hub,"The Google Nest Hub is a high-quality Electronics product, designed to meet all your needs and exceed expectations."
262,Sony PlayStation 5,"The Sony PlayStation 5 is a high-quality Electronics product, designed to meet all your needs and exceed expectations."
263,Adidas Sports Bag,"The Adidas Sports Bag is a high-quality Sports product, designed to meet all your needs and exceed expectations."
264,Google Nest Hub,"The Google Nest Hub is a high-quality Electronics product, designed to meet all your needs and exceed expectations."
265,New Balance Running Shorts,"The New Balance Running Shorts is a high-quality Sports product, designed to meet all your needs and exceed expectations."
266,Sony PlayStation 5,"The Sony PlayStation 5 is a high-quality Electronics product, designed to meet all your needs and exceed expectations."
267,Nike Yoga Mat,"The Nike Yoga Mat is a high-quality Sports product, designed to meet all your needs and exceed expectations."
268,Canon EOS M50,"The Canon EOS M50 is a high-quality Electronics product, designed to meet all your needs and exceed expectations."
269,New Balance Running Shorts,"The New Balance Running Shorts is a high-quality Sports product, designed to meet all your needs and exceed expectations."
270,Microsoft Surface Pro,"The Microsoft Surface Pro is a high-quality Electronics product, designed to meet all your needs and exceed expectations."
271,Samsung Galaxy Tab,"The Samsung Galaxy Tab by Samsung offers cutting-edge features and performance, ideal for those who want a high-end smartphone experience."
272,Canon EOS M50,"The Canon EOS M50 is a high-quality Electronics product, designed to meet all your needs and exceed expectations."
273,Reebok Running Shoes,"The Reebok Running Shoes are designed for comfort and performance, making them perfect for athletes and fitness enthusiasts."
274,Asics Gel-Kayano 27,"The Asics Gel-Kayano 27 is a high-quality Sports product, designed to meet all your needs and exceed expectations."
275,Fitbit Charge 4,"The Fitbit Charge 4 is a high-quality Sports product, designed to meet all your needs and exceed expectations."
276,Apple Watch Series 6,"The Apple Watch Series 6 is a high-quality Electronics product, designed to meet all your needs and exceed expectations."
277,Bose QuietComfort 35,"The Bose QuietComfort 35 is a high-quality Electronics product, designed to meet all your needs and exceed expectations."
278,Apple MacBook Pro,"The Apple MacBook Pro is a high-quality Electronics product, designed to meet all your needs and exceed expectations."
279,Bose QuietComfort 35,"The Bose QuietComfort 35 is a high-quality Electronics product, designed to meet all your needs and exceed expectations."
280,Dell Inspiron Laptop,"The Dell Inspiron Laptop is a powerful and versatile computer, suitable for both work and entertainment. It combines high performance with portability."
281,Apple MacBook Pro,"The Apple MacBook Pro is a high-quality Electronics product, designed to meet all your needs and exceed expectations."
282,Asics Gel-Kayano 27,"The Asics Gel-Kayano 27 is a high-quality Sports product, designed to meet all your needs and exceed expectations."
283,Asics Gel-Kayano 27,"The Asics Gel-Kayano 27 is a high-quality Sports product, designed to meet all your needs and exceed expectations."
284,Dell Inspiron Laptop,"The Dell Inspiron Laptop is a powerful and versatile computer, suitable for both work and entertainment. It combines high performance with portability."
285,Under Armour T-Shirt,"The Under Armour T-Shirt is a high-quality Sports product, designed to meet all your needs and exceed expectations."
286,Google Nest Hub,"The Google Nest Hub is a high-quality Electronics product, designed to meet all your needs and exceed expectations."
287,Apple MacBook Pro,"The Apple MacBook Pro is a high-quality Electronics product, designed to meet all your needs and exceed expectations."
288,Roku Streaming Stick,"The Roku Streaming Stick is a high-quality Electronics product, designed to meet all your needs and exceed expectations."
289,Samsung Galaxy Tab,"The Samsung Galaxy Tab by Samsung offers cutting-edge features and performance, ideal for those who want a high-end smartphone experience."
290,Under Armour T-Shirt,"The Under Armour T-Shirt is a high-quality Sports product, designed to meet all your needs and exceed expectations."
291,Wilson Tennis Racket,"The Wilson Tennis Racket is a high-quality Sports product, designed to meet all your needs and exceed expectations."
292,Under Armour T-Shirt,"The Under Armour T-Shirt is a high-quality Sports product, designed to meet all your needs and exceed expectations."
293,Roku Streaming Stick,"The Roku Streaming Stick is a high-quality Electronics product, designed to meet all your needs and exceed expectations."
294,Canon EOS M50,"The Canon EOS M50 is a high-quality Electronics product, designed to meet all your needs and exceed expectations."
295,Wilson Tennis Racket,"The Wilson Tennis Racket is a high-quality Sports product, designed to meet all your needs and exceed expectations."
296,Reebok Running Shoes,"The Reebok Running Shoes are designed for comfort and performance, making them perfect for athletes and fitness enthusiasts."
297,Adidas Sports Bag,"The Adidas Sports Bag is a high-quality Sports product, designed to meet all your needs and exceed expectations."
298,Bose QuietComfort 35,"The Bose QuietComfort 35 is a high-quality Electronics product, designed to meet all your needs and exceed expectations."
299,Wilson Tennis Racket,"The Wilson Tennis Racket is a high-quality Sports product, designed to meet all your needs and exceed expectations."
300,Puma Gym Gloves,"The Puma Gym Gloves is a high-quality Sports product, designed to meet all your needs and exceed expectations."
301,Garmin Forerunner 45,"The Garmin Forerunner 45 is a high-quality Sports product, designed to meet all your needs and exceed expectations."
302,Nike Yoga Mat,"The Nike Yoga Mat is a high-quality Sports product, designed to meet all your needs and exceed expectations."
303,Roku Streaming Stick,"The Roku Streaming Stick is a high-quality Electronics product, designed to meet all your needs and exceed expectations."
304,Asics Gel-Kayano 27,"The Asics Gel-Kayano 27 is a high-quality Sports product, designed to meet all your needs and exceed expectations."
305,Garmin Forerunner 45,"The Garmin Forerunner 45 is a high-quality Sports product, designed to meet all your needs and exceed expectations."
306,Reebok Running Shoes,"The Reebok Running Shoes are designed for comfort and performance, making them perfect for athletes and fitness enthusiasts."
307,Garmin Forerunner 45,"The Garmin Forerunner 45 is a high-quality Sports product, designed to meet all your needs and exceed expectations."
308,Puma Gym Gloves,"The Puma Gym Gloves is a high-quality Sports product, designed to meet all your needs and exceed expectations."
309,Fitbit Charge 4,"The Fitbit Charge 4 is a high-quality Sports product, designed to meet all your needs and exceed expectations."
310,Bose QuietComfort 35,"The Bose QuietComfort 35 is a high-quality Electronics product, designed to meet all your needs and exceed expectations."
311,Wilson Tennis Racket,"The Wilson Tennis Racket is a high-quality Sports product, designed to meet all your needs and exceed expectations."
312,Wilson Tennis Racket,"The Wilson Tennis Racket is a high-quality Sports product, designed to meet all your needs and exceed expectations."
313,Puma Gym Gloves,"The Puma Gym Gloves is a high-quality Sports product, designed to meet all your needs and exceed expectations."
314,Wilson Tennis Racket,"The Wilson Tennis Racket is a high-quality Sports product, designed to meet all your needs and exceed expectations."
315,Samsung Galaxy Tab,"The Samsung Galaxy Tab by Samsung offers cutting-edge features and performance, ideal for those who want a high-end smartphone experience."
316,Wilson Tennis Racket,"The Wilson Tennis Racket is a high-quality Sports product, designed to meet all your needs and exceed expectations."
317,Sony PlayStation 5,"The Sony PlayStation 5 is a high-quality Electronics product, designed to meet all your needs and exceed expectations."
318,Adidas Sports Bag,"The Adidas Sports Bag is a high-quality Sports product, designed to meet all your needs and exceed expectations."
319,Fitbit Charge 4,"The Fitbit Charge 4 is a high-quality Sports product, designed to meet all your needs and exceed expectations."
320,Samsung Galaxy Tab,"The Samsung Galaxy Tab by Samsung offers cutting-edge features and performance, ideal for those who want a high-end smartphone experience."
321,Google Nest Hub,"The Google Nest Hub is a high-quality Electronics product, designed to meet all your needs and exceed expectations."
322,Nike Yoga Mat,"The Nike Yoga Mat is a high-quality Sports product, designed to meet all your needs and exceed expectations."
323,Apple MacBook Pro,"The Apple MacBook Pro is a high-quality Electronics product, designed to meet all your needs and exceed expectations."
324,Bose QuietComfort 35,"The Bose QuietComfort 35 is a high-quality Electronics product, designed to meet all your needs and exceed expectations."
325,Reebok Running Shoes,"The Reebok Running Shoes are designed for comfort and performance, making them perfect for athletes and fitness enthusiasts."
326,Garmin Forerunner 45,"The Garmin Forerunner 45 is a high-quality Sports product, designed to meet all your needs and exceed expectations."
327,Bose QuietComfort 35,"The Bose QuietComfort 35 is a high-quality Electronics product, designed to meet all your needs and exceed expectations."
328,Asics Gel-Kayano 27,"The Asics Gel-Kayano 27 is a high-quality Sports product, designed to meet all your needs and exceed expectations."
329,Puma Gym Gloves,"The Puma Gym Gloves is a high-quality Sports product, designed to meet all your needs and exceed expectations."
330,Puma Gym Gloves,"The Puma Gym Gloves is a high-quality Sports product, designed to meet all your needs and exceed expectations."
331,Apple MacBook Pro,"The Apple MacBook Pro is a high-quality Electronics product, designed to meet all your needs and exceed expectations."
332,Apple Watch Series 6,"The Apple Watch Series 6 is a high-quality Electronics product, designed to meet all your needs and exceed expectations."
333,New Balance Running Shorts,"The New Balance Running Shorts is a high-quality Sports product, designed to meet all your needs and exceed expectations."
334,Fitbit Charge 4,"The Fitbit Charge 4 is a high-quality Sports product, designed to meet all your needs and exceed expectations."
335,Dell Inspiron Laptop,"The Dell Inspiron Laptop is a powerful and versatile computer, suitable for both work and entertainment. It combines high performance with portability."
336,Nike Yoga Mat,"The Nike Yoga Mat is a high-quality Sports product, designed to meet all your needs and exceed expectations."
337,Puma Gym Gloves,"The Puma Gym Gloves is a high-quality Sports product, designed to meet all your needs and exceed expectations."
338,Under Armour T-Shirt,"The Under Armour T-Shirt is a high-quality Sports product, designed to meet all your needs and exceed expectations."
339,Asics Gel-Kayano 27,"The Asics Gel-Kayano 27 is a high-quality Sports product, designed to meet all your needs and exceed expectations."
340,Apple MacBook Pro,"The Apple MacBook Pro is a high-quality Electronics product, designed to meet all your needs and exceed expectations."
341,Reebok Running Shoes,"The Reebok Running Shoes are designed for comfort and performance, making them perfect for athletes and fitness enthusiasts."
342,Microsoft Surface Pro,"The Microsoft Surface Pro is a high-quality Electronics product, designed to meet all your needs and exceed expectations."
343,Google Nest Hub,"The Google Nest Hub is a high-quality Electronics product, designed to meet all your needs and exceed expectations."
344,Adidas Sports Bag,"The Adidas Sports Bag is a high-quality Sports product, designed to meet all your needs and exceed expectations."
345,Roku Streaming Stick,"The Roku Streaming Stick is a high-quality Electronics product, designed to meet all your needs and exceed expectations."
346,Wilson Tennis Racket,"The Wilson Tennis Racket is a high-quality Sports product, designed to meet all your needs and exceed expectations."
347,Under Armour T-Shirt,"The Under Armour T-Shirt is a high-quality Sports product, designed to meet all your needs and exceed expectations."
348,Roku Streaming Stick,"The Roku Streaming Stick is a high-quality Electronics product, designed to meet all your needs and exceed expectations."
349,Sony PlayStation 5,"The Sony PlayStation 5 is a high-quality Electronics product, designed to meet all your needs and exceed expectations."
350,Google Nest Hub,"The Google Nest Hub is a high-quality Electronics product, designed to meet all your needs and exceed expectations."
351,Apple MacBook Pro,"The Apple MacBook Pro is a high-quality Electronics product, designed to meet all your needs and exceed expectations."
352,Garmin Forerunner 45,"The Garmin Forerunner 45 is a high-quality Sports product, designed to meet all your needs and exceed expectations."
353,Garmin Forerunner 45,"The Garmin Forerunner 45 is a high-quality Sports product, designed to meet all your needs and exceed expectations."
354,Adidas Sports Bag,"The Adidas Sports Bag is a high-quality Sports product, designed to meet all your needs and exceed expectations."
355,Roku Streaming Stick,"The Roku Streaming Stick is a high-quality Electronics product, designed to meet all your needs and exceed expectations."
356,Apple Watch Series 6,"The Apple Watch Series 6 is a high-quality Electronics product, designed to meet all your needs and exceed expectations."
357,Roku Streaming Stick,"The Roku Streaming Stick is a high-quality Electronics product, designed to meet all your needs and exceed expectations."
358,New Balance Running Shorts,"The New Balance Running Shorts is a high-quality Sports product, designed to meet all your needs and exceed expectations."
359,Asics Gel-Kayano 27,"The Asics Gel-Kayano 27 is a high-quality Sports product, designed to meet all your needs and exceed expectations."
360,Garmin Forerunner 45,"The Garmin Forerunner 45 is a high-quality Sports product, designed to meet all your needs and exceed expectations."
361,Reebok Running Shoes,"The Reebok Running Shoes are designed for comfort and performance, making them perfect for athletes and fitness enthusiasts."
362,Adidas Sports Bag,"The Adidas Sports Bag is a high-quality Sports product, designed to meet all your needs and exceed expectations."
363,Sony PlayStation 5,"The Sony PlayStation 5 is a high-quality Electronics product, designed to meet all your needs and exceed expectations."
364,Google Nest Hub,"The Google Nest Hub is a high-quality Electronics product, designed to meet all your needs and exceed expectations."
365,Google Nest Hub,"The Google Nest Hub is a high-quality Electronics product, designed to meet all your needs and exceed expectations."
366,Adidas Sports Bag,"The Adidas Sports Bag is a high-quality Sports product, designed to meet all your needs and exceed expectations."
367,Sony PlayStation 5,"The Sony PlayStation 5 is a high-quality Electronics product, designed to meet all your needs and exceed expectations."
368,Google Nest Hub,"The Google Nest Hub is a high-quality Electronics product, designed to meet all your needs and exceed expectations."
369,Nike Yoga Mat,"The Nike Yoga Mat is a high-quality Sports product, designed to meet all your needs and exceed expectations."
370,Under Armour T-Shirt,"The Under Armour T-Shirt is a high-quality Sports product, designed to meet all your needs and exceed expectations."
371,Apple Watch Series 6,"The Apple Watch Series 6 is a high-quality Electronics product, designed to meet all your needs and exceed expectations."
372,Fitbit Charge 4,"The Fitbit Charge 4 is a high-quality Sports product, designed to meet all your needs and exceed expectations."
373,Google Nest Hub,"The Google Nest Hub is a high-quality Electronics product, designed to meet all your needs and exceed expectations."
374,New Balance Running Shorts,"The New Balance Running Shorts is a high-quality Sports product, designed to meet all your needs and exceed expectations."
375,Dell Inspiron Laptop,"The Dell Inspiron Laptop is a powerful and versatile computer, suitable for both work and entertainment. It combines high performance with portability."
376,Canon EOS M50,"The Canon EOS M50 is a high-quality Electronics product, designed to meet all your needs and exceed expectations."
377,Microsoft Surface Pro,"The Microsoft Surface Pro is a high-quality Electronics product, designed to meet all your needs and exceed expectations."
378,Nike Yoga Mat,"The Nike Yoga Mat is a high-quality Sports product, designed to meet all your needs and exceed expectations."
379,Garmin Forerunner 45,"The Garmin Forerunner 45 is a high-quality Sports product, designed to meet all your needs and exceed expectations."
380,Adidas Sports Bag,"The Adidas Sports Bag is a high-quality Sports product, designed to meet all your needs and exceed expectations."
381,Apple MacBook Pro,"The Apple MacBook Pro is a high-quality Electronics product, designed to meet all your needs and exceed expectations."
382,Fitbit Charge 4,"The Fitbit Charge 4 is a high-quality Sports product, designed to meet all your needs and exceed expectations."
383,Sony PlayStation 5,"The Sony PlayStation 5 is a high-quality Electronics product, designed to meet all your needs and exceed expectations."
384,Apple MacBook Pro,"The Apple MacBook Pro is a high-quality Electronics product, designed to meet all your needs and exceed expectations."
385,Google Nest Hub,"The Google Nest Hub is a high-quality Electronics product, designed to meet all your needs and exceed expectations."
386,Garmin Forerunner 45,"The Garmin Forerunner 45 is a high-quality Sports product, designed to meet all your needs and exceed expectations."
387,Under Armour T-Shirt,"The Under Armour T-Shirt is a high-quality Sports product, designed to meet all your needs and exceed expectations."
388,Adidas Sports Bag,"The Adidas Sports Bag is a high-quality Sports product, designed to meet all your needs and exceed expectations."
389,Fitbit Charge 4,"The Fitbit Charge 4 is a high-quality Sports product, designed to meet all your needs and exceed expectations."
390,Bose QuietComfort 35,"The Bose QuietComfort 35 is a high-quality Electronics product, designed to meet all your needs and exceed expectations."
391,Apple Watch Series 6,"The Apple Watch Series 6 is a high-quality Electronics product, designed to meet all your needs and exceed expectations."
392,Under Armour T-Shirt,"The Under Armour T-Shirt is a high-quality Sports product, designed to meet all your needs and exceed expectations."
393,Asics Gel-Kayano 27,"The Asics Gel-Kayano 27 is a high-quality Sports product, designed to meet all your needs and exceed expectations."
394,Reebok Running Shoes,"The Reebok Running Shoes are designed for comfort and performance, making them perfect for athletes and fitness enthusiasts."
395,Apple MacBook Pro,"The Apple MacBook Pro is a high-quality Electronics product, designed to meet all your needs and exceed expectations."
396,Garmin Forerunner 45,"The Garmin Forerunner 45 is a high-quality Sports product, designed to meet all your needs and exceed expectations."
397,Garmin Forerunner 45,"The Garmin Forerunner 45 is a high-quality Sports product, designed to meet all your needs and exceed expectations."
398,Apple Watch Series 6,"The Apple Watch Series 6 is a high-quality Electronics product, designed to meet all your needs and exceed expectations."
399,Wilson Tennis Racket,"The Wilson Tennis Racket is a high-quality Sports product, designed to meet all your needs and exceed expectations."
400,Dell Inspiron Laptop,"The Dell Inspiron Laptop is a powerful and versatile computer, suitable for both work and entertainment. It combines high performance with portability."
401,Google Nest Hub,"The Google Nest Hub is a high-quality Electronics product, designed to meet all your needs and exceed expectations."
402,Google Nest Hub,"The Google Nest Hub is a high-quality Electronics product, designed to meet all your needs and exceed expectations."
403,Asics Gel-Kayano 27,"The Asics Gel-Kayano 27 is a high-quality Sports product, designed to meet all your needs and exceed expectations."
404,Google Nest Hub,"The Google Nest Hub is a high-quality Electronics product, designed to meet all your needs and exceed expectations."
405,Samsung Galaxy Tab,"The Samsung Galaxy Tab by Samsung offers cutting-edge features and performance, ideal for those who want a high-end smartphone experience."
406,Adidas Sports Bag,"The Adidas Sports Bag is a high-quality Sports product, designed to meet all your needs and exceed expectations."
407,Under Armour T-Shirt,"The Under Armour T-Shirt is a high-quality Sports product, designed to meet all your needs and exceed expectations."
408,Wilson Tennis Racket,"The Wilson Tennis Racket is a high-quality Sports product, designed to meet all your needs and exceed expectations."
409,Asics Gel-Kayano 27,"The Asics Gel-Kayano 27 is a high-quality Sports product, designed to meet all your needs and exceed expectations."
410,Apple MacBook Pro,"The Apple MacBook Pro is a high-quality Electronics product, designed to meet all your needs and exceed expectations."
411,Wilson Tennis Racket,"The Wilson Tennis Racket is a high-quality Sports product, designed to meet all your needs and exceed expectations."
412,Apple MacBook Pro,"The Apple MacBook Pro is a high-quality Electronics product, designed to meet all your needs and exceed expectations."
413,Adidas Sports Bag,"The Adidas Sports Bag is a high-quality Sports product, designed to meet all your needs and exceed expectations."
414,Puma Gym Gloves,"The Puma Gym Gloves is a high-quality Sports product, designed to meet all your needs and exceed expectations."
415,Asics Gel-Kayano 27,"The Asics Gel-Kayano 27 is a high-quality Sports product, designed to meet all your needs and exceed expectations."
416,Reebok Running Shoes,"The Reebok Running Shoes are designed for comfort and performance, making them perfect for athletes and fitness enthusiasts."
417,Google Nest Hub,"The Google Nest Hub is a high-quality Electronics product, designed to meet all your needs and exceed expectations."
418,Google Nest Hub,"The Google Nest Hub is a high-quality Electronics product, designed to meet all your needs and exceed expectations."
419,Adidas Sports Bag,"The Adidas Sports Bag is a high-quality Sports product, designed to meet all your needs and exceed expectations."
420,Google Nest Hub,"The Google Nest Hub is a high-quality Electronics product, designed to meet all your needs and exceed expectations."
421,Garmin Forerunner 45,"The Garmin Forerunner 45 is a high-quality Sports product, designed to meet all your needs and exceed expectations."
422,Apple MacBook Pro,"The Apple MacBook Pro is a high-quality Electronics product, designed to meet all your needs and exceed expectations."
423,Reebok Running Shoes,"The Reebok Running Shoes are designed for comfort and performance, making them perfect for athletes and fitness enthusiasts."
424,Fitbit Charge 4,"The Fitbit Charge 4 is a high-quality Sports product, designed to meet all your needs and exceed expectations."
425,Under Armour T-Shirt,"The Under Armour T-Shirt is a high-quality Sports product, designed to meet all your needs and exceed expectations."
426,Garmin Forerunner 45,"The Garmin Forerunner 45 is a high-quality Sports product, designed to meet all your needs and exceed expectations."
427,Samsung Galaxy Tab,"The Samsung Galaxy Tab by Samsung offers cutting-edge features and performance, ideal for those who want a high-end smartphone experience."
428,Roku Streaming Stick,"The Roku Streaming Stick is a high-quality Electronics product, designed to meet all your needs and exceed expectations."
429,Adidas Sports Bag,"The Adidas Sports Bag is a high-quality Sports product, designed to meet all your needs and exceed expectations."
430,Garmin Forerunner 45,"The Garmin Forerunner 45 is a high-quality Sports product, designed to meet all your needs and exceed expectations."
431,Reebok Running Shoes,"The Reebok Running Shoes are designed for comfort and performance, making them perfect for athletes and fitness enthusiasts."
432,Garmin Forerunner 45,"The Garmin Forerunner 45 is a high-quality Sports product, designed to meet all your needs and exceed expectations."
433,Adidas Sports Bag,"The Adidas Sports Bag is a high-quality Sports product, designed to meet all your needs and exceed expectations."
434,Bose QuietComfort 35,"The Bose QuietComfort 35 is a high-quality Electronics product, designed to meet all your needs and exceed expectations."
435,Apple Watch Series 6,"The Apple Watch Series 6 is a high-quality Electronics product, designed to meet all your needs and exceed expectations."
436,New Balance Running Shorts,"The New Balance Running Shorts is a high-quality Sports product, designed to meet all your needs and exceed expectations."
437,Garmin Forerunner 45,"The Garmin Forerunner 45 is a high-quality Sports product, designed to meet all your needs and exceed expectations."
438,Asics Gel-Kayano 27,"The Asics Gel-Kayano 27 is a high-quality Sports product, designed to meet all your needs and exceed expectations."
439,Bose QuietComfort 35,"The Bose QuietComfort 35 is a high-quality Electronics product, designed to meet all your needs and exceed expectations."
440,Samsung Galaxy Tab,"The Samsung Galaxy Tab by Samsung offers cutting-edge features and performance, ideal for those who want a high-end smartphone experience."
441,Asics Gel-Kayano 27,"The Asics Gel-Kayano 27 is a high-quality Sports product, designed to meet all your needs and exceed expectations."
442,New Balance Running Shorts,"The New Balance Running Shorts is a high-quality Sports product, designed to meet all your needs and exceed expectations."
443,Apple MacBook Pro,"The Apple MacBook Pro is a high-quality Electronics product, designed to meet all your needs and exceed expectations."
444,Wilson Tennis Racket,"The Wilson Tennis Racket is a high-quality Sports product, designed to meet all your needs and exceed expectations."
445,Wilson Tennis Racket,"The Wilson Tennis Racket is a high-quality Sports product, designed to meet all your needs and exceed expectations."
446,Apple Watch Series 6,"The Apple Watch Series 6 is a high-quality Electronics product, designed to meet all your needs and exceed expectations."
447,Bose QuietComfort 35,"The Bose QuietComfort 35 is a high-quality Electronics product, designed to meet all your needs and exceed expectations."
448,Canon EOS M50,"The Canon EOS M50 is a high-quality Electronics product, designed to meet all your needs and exceed expectations."
449,New Balance Running Shorts,"The New Balance Running Shorts is a high-quality Sports product, designed to meet all your needs and exceed expectations."
450,Google Nest Hub,"The Google Nest Hub is a high-quality Electronics product, designed to meet all your needs and exceed expectations."
451,Wilson Tennis Racket,"The Wilson Tennis Racket is a high-quality Sports product, designed to meet all your needs and exceed expectations."
452,Dell Inspiron Laptop,"The Dell Inspiron Laptop is a powerful and versatile computer, suitable for both work and entertainment. It combines high performance with portability."
453,Apple MacBook Pro,"The Apple MacBook Pro is a high-quality Electronics product, designed to meet all your needs and exceed expectations."
454,Adidas Sports Bag,"The Adidas Sports Bag is a high-quality Sports product, designed to meet all your needs and exceed expectations."
455,Microsoft Surface Pro,"The Microsoft Surface Pro is a high-quality Electronics product, designed to meet all your needs and exceed expectations."
456,Sony PlayStation 5,"The Sony PlayStation 5 is a high-quality Electronics product, designed to meet all your needs and exceed expectations."
457,New Balance Running Shorts,"The New Balance Running Shorts is a high-quality Sports product, designed to meet all your needs and exceed expectations."
458,Wilson Tennis Racket,"The Wilson Tennis Racket is a high-quality Sports product, designed to meet all your needs and exceed expectations."
459,Apple Watch Series 6,"The Apple Watch Series 6 is a high-quality Electronics product, designed to meet all your needs and exceed expectations."
460,Nike Yoga Mat,"The Nike Yoga Mat is a high-quality Sports product, designed to meet all your needs and exceed expectations."
461,Apple Watch Series 6,"The Apple Watch Series 6 is a high-quality Electronics product, designed to meet all your needs and exceed expectations."
462,Garmin Forerunner 45,"The Garmin Forerunner 45 is a high-quality Sports product, designed to meet all your needs and exceed expectations."
463,Nike Yoga Mat,"The Nike Yoga Mat is a high-quality Sports product, designed to meet all your needs and exceed expectations."
464,Sony PlayStation 5,"The Sony PlayStation 5 is a high-quality Electronics product, designed to meet all your needs and exceed expectations."
465,Google Nest Hub,"The Google Nest Hub is a high-quality Electronics product, designed to meet all your needs and exceed expectations."
466,Adidas Sports Bag,"The Adidas Sports Bag is a high-quality Sports product, designed to meet all your needs and exceed expectations."
467,Wilson Tennis Racket,"The Wilson Tennis Racket is a high-quality Sports product, designed to meet all your needs and exceed expectations."
468,Puma Gym Gloves,"The Puma Gym Gloves is a high-quality Sports product, designed to meet all your needs and exceed expectations."
469,Puma Gym Gloves,"The Puma Gym Gloves is a high-quality Sports product, designed to meet all your needs and exceed expectations."
470,Fitbit Charge 4,"The Fitbit Charge 4 is a high-quality Sports product, designed to meet all your needs and exceed expectations."
471,Reebok Running Shoes,"The Reebok Running Shoes are designed for comfort and performance, making them perfect for athletes and fitness enthusiasts."
472,Dell Inspiron Laptop,"The Dell Inspiron Laptop is a powerful and versatile computer, suitable for both work and entertainment. It combines high performance with portability."
473,New Balance Running Shorts,"The New Balance Running Shorts is a high-quality Sports product, designed to meet all your needs and exceed expectations."
474,Reebok Running Shoes,"The Reebok Running Shoes are designed for comfort and performance, making them perfect for athletes and fitness enthusiasts."
475,Apple MacBook Pro,"The Apple MacBook Pro is a high-quality Electronics product, designed to meet all your needs and exceed expectations."
476,Dell Inspiron Laptop,"The Dell Inspiron Laptop is a powerful and versatile computer, suitable for both work and entertainment. It combines high performance with portability."
477,Adidas Sports Bag,"The Adidas Sports Bag is a high-quality Sports product, designed to meet all your needs and exceed expectations."
478,Roku Streaming Stick,"The Roku Streaming Stick is a high-quality Electronics product, designed to meet all your needs and exceed expectations."
479,Bose QuietComfort 35,"The Bose QuietComfort 35 is a high-quality Electronics product, designed to meet all your needs and exceed expectations."
480,Google Nest Hub,"The Google Nest Hub is a high-quality Electronics product, designed to meet all your needs and exceed expectations."
481,Samsung Galaxy Tab,"The Samsung Galaxy Tab by Samsung offers cutting-edge features and performance, ideal for those who want a high-end smartphone experience."
482,Google Nest Hub,"The Google Nest Hub is a high-quality Electronics product, designed to meet all your needs and exceed expectations."
483,Dell Inspiron Laptop,"The Dell Inspiron Laptop is a powerful and versatile computer, suitable for both work and entertainment. It combines high performance with portability."
484,Bose QuietComfort 35,"The Bose QuietComfort 35 is a high-quality Electronics product, designed to meet all your needs and exceed expectations."
485,Reebok Running Shoes,"The Reebok Running Shoes are designed for comfort and performance, making them perfect for athletes and fitness enthusiasts."
486,Canon EOS M50,"The Canon EOS M50 is a high-quality Electronics product, designed to meet all your needs and exceed expectations."
487,Asics Gel-Kayano 27,"The Asics Gel-Kayano 27 is a high-quality Sports product, designed to meet all your needs and exceed expectations."
488,Adidas Sports Bag,"The Adidas Sports Bag is a high-quality Sports product, designed to meet all your needs and exceed expectations."
489,Apple MacBook Pro,"The Apple MacBook Pro is a high-quality Electronics product, designed to meet all your needs and exceed expectations."
490,Samsung Galaxy Tab,"The Samsung Galaxy Tab by Samsung offers cutting-edge features and performance, ideal for those who want a high-end smartphone experience."
491,Asics Gel-Kayano 27,"The Asics Gel-Kayano 27 is a high-quality Sports product, designed to meet all your needs and exceed expectations."
492,Samsung Galaxy Tab,"The Samsung Galaxy Tab by Samsung offers cutting-edge features and performance, ideal for those who want a high-end smartphone experience."
493,Google Nest Hub,"The Google Nest Hub is a high-quality Electronics product, designed to meet all your needs and exceed expectations."
494,Apple Watch Series 6,"The Apple Watch Series 6 is a high-quality Electronics product, designed to meet all your needs and exceed expectations."
495,Wilson Tennis Racket,"The Wilson Tennis Racket is a high-quality Sports product, designed to meet all your needs and exceed expectations."
496,Reebok Running Shoes,"The Reebok Running Shoes are designed for comfort and performance, making them perfect for athletes and fitness enthusiasts."
497,New Balance Running Shorts,"The New Balance Running Shorts is a high-quality Sports product, designed to meet all your needs and exceed expectations."
498,Asics Gel-Kayano 27,"The Asics Gel-Kayano 27 is a high-quality Sports product, designed to meet all your needs and exceed expectations."
499,Adidas Sports Bag,"The Adidas Sports Bag is a high-quality Sports product, designed to meet all your needs and exceed expectations."
500,Garmin Forerunner 45,"The Garmin Forerunner 45 is a high-quality Sports product, designed to meet all your needs and exceed expectations."
501,Organic Apples,"The Apples are the high-quality and organic product, designed to meet all your needs and exceed expectations."
502,Bananas,"The Bananas is a high-quality product, designed to meet all your needs and exceed expectations."
503,Almond Milk,"The Almond Milk is a high-quality product, designed to meet all your needs and exceed expectations."
504,Brown Rice,"The Brown Rice is a high-quality product, designed to meet all your needs and exceed expectations."
505,Chia Seeds,"The Chia Seeds is a high-quality product, designed to meet all your needs and exceed expectations."
506,Quinoa,"The Quinoa is a high-quality product, designed to meet all your needs and exceed expectations."
507,Greek Yogurt,"The Greek Yogurt is a high-quality product, designed to meet all your needs and exceed expectations."
508,Oats,"The Oats is a high-quality product, designed to meet all your needs and exceed expectations."
509,Chicken Breast,"The Chicken Breast is a high-quality product, designed to meet all your needs and exceed expectations."
510,Spinach,"The Spinach is a high-quality product, designed to meet all your needs and exceed expectations."
511,Broccoli,"The Broccoli is a high-quality product, designed to meet all your needs and exceed expectations."
512,Avocado,"The Avocado is a high-quality product, designed to meet all your needs and exceed expectations."
513,Blueberries,"The Blueberries is a high-quality product, designed to meet all your needs and exceed expectations."
514,Salmon,"The Salmon is a high-quality product, designed to meet all your needs and exceed expectations."
515,Almonds,"The Almonds is a high-quality product, designed to meet all your needs and exceed expectations."
516,Sweet Potatoes,"The Sweet Potatoes is a high-quality product, designed to meet all your needs and exceed expectations."
517,Eggs,"The Eggs is a high-quality product, designed to meet all your needs and exceed expectations."
518,Coconut Oil,"The Coconut Oil is a high-quality product, designed to meet all your needs and exceed expectations."
519,Green Tea,"The Green Tea is a high-quality product, designed to meet all your needs and exceed expectations."
520,Garlic,"The Garlic is a high-quality product, designed to meet all your needs and exceed expectations."
521,Bell Peppers,"The Bell Peppers is a high-quality product, designed to meet all your needs and exceed expectations."
522,Carrots,"The Carrots is a high-quality product, designed to meet all your needs and exceed expectations."
523,Walnuts,"The Walnuts is a high-quality product, designed to meet all your needs and exceed expectations."
524,Tomatoes,"The Tomatoes is a high-quality product, designed to meet all your needs and exceed expectations."
525,Black Beans,"The Black Beans is a high-quality product, designed to meet all your needs and exceed expectations."
526,Chickpeas,"The Chickpeas is a high-quality product, designed to meet all your needs and exceed expectations."
527,Cucumber,"The Cucumber is a high-quality product, designed to meet all your needs and exceed expectations."
528,Oranges,"The Oranges is a high-quality product, designed to meet all your needs and exceed expectations."
529,Kale,"The Kale is a high-quality product, designed to meet all your needs and exceed expectations."
530,Peanut Butter,"The Peanut Butter is a high-quality product, designed to meet all your needs and exceed expectations."
531,Refrigerator,"The Refrigerator is a high-quality product, designed to meet all your needs and exceed expectations."
532,Washing Machine,"The Washing Machine is a high-quality product, designed to meet all your needs and exceed expectations."
533,Microwave Oven,"The Microwave Oven is a high-quality product, designed to meet all your needs and exceed expectations."
534,Air Conditioner,"The Air Conditioner is a high-quality product, designed to meet all your needs and exceed expectations."
535,Vacuum Cleaner,"The Vacuum Cleaner is a high-quality product, designed to meet all your needs and exceed expectations."
536,Dishwasher,"The Dishwasher is a high-quality product, designed to meet all your needs and exceed expectations."
537,Electric Kettle,"The Electric Kettle is a high-quality product, designed to meet all your needs and exceed expectations."
538,Toaster,"The Toaster is a high-quality product, designed to meet all your needs and exceed expectations."
539,Coffee Maker,"The Coffee Maker is a high-quality product, designed to meet all your needs and exceed expectations."
540,Blender,"The Blender is a high-quality product, designed to meet all your needs and exceed expectations."
541,Iron,"The Iron is a high-quality product, designed to meet all your needs and exceed expectations."
542,Hair Dryer,"The Hair Dryer is a high-quality product, designed to meet all your needs and exceed expectations."
543,Water Purifier,"The Water Purifier is a high-quality product, designed to meet all your needs and exceed expectations."
544,Room Heater,"The Room Heater is a high-quality product, designed to meet all your needs and exceed expectations."
545,Air Purifier,"The Air Purifier is a high-quality product, designed to meet all your needs and exceed expectations."
546,Fan,"The Fan is a high-quality product, designed to meet all your needs and exceed expectations."
547,Mixer Grinder,"The Mixer Grinder is a high-quality product, designed to meet all your needs and exceed expectations."
548,Electric Rice Cooker,"The Electric Rice Cooker is a high-quality product, designed to meet all your needs and exceed expectations."
549,Induction Cooktop,"The Induction Cooktop is a high-quality product, designed to meet all your needs and exceed expectations."
550,Juicer,"The Juicer is a high-quality product, designed to meet all your needs and exceed expectations."
551,Electric Grill,"The Electric Grill is a high-quality product, designed to meet all your needs and exceed expectations."
552,Handheld Vacuum,"The Handheld Vacuum is a high-quality product, designed to meet all your needs and exceed expectations."
553,Steam Iron,"The Steam Iron is a high-quality product, designed to meet all your needs and exceed expectations."
554,Electric Shaver,"The Electric Shaver is a high-quality product, designed to meet all your needs and exceed expectations."
555,Bread Maker,"The Bread Maker is a high-quality product, designed to meet all your needs and exceed expectations."
556,Electric Pressure Cooker,"The Electric Pressure Cooker is a high-quality product, designed to meet all your needs and exceed expectations."
557,Deep Fryer,"The Deep Fryer is a high-quality product, designed to meet all your needs and exceed expectations."
558,Portable Heater,"The Portable Heater is a high-quality product, designed to meet all your needs and exceed expectations."
559,Dish Drying Rack,"The Dish Drying Rack is a high-quality product, designed to meet all your needs and exceed expectations."
560,Food Processor,"The Food Processor is a high-quality product, designed to meet all your needs and exceed expectations."
561,Lawn Mower,"The Lawn Mower is a high-quality product, designed to meet all your needs and exceed expectations."
562,Garden Hose,"The Garden Hose is a high-quality product, designed to meet all your needs and exceed expectations."
563,Patio Furniture,"The Patio Furniture is a high-quality product, designed to meet all your needs and exceed expectations."
564,Garden Shovel,"The Garden Shovel is a high-quality product, designed to meet all your needs and exceed expectations."
565,Grill,"The Grill is a high-quality product, designed to meet all your needs and exceed expectations."
566,Flower Pots,"The Flower Pots is a high-quality product, designed to meet all your needs and exceed expectations."
567,Garden Rake,"The Garden Rake is a high-quality product, designed to meet all your needs and exceed expectations."
568,Outdoor Umbrella,"The Outdoor Umbrella is a high-quality product, designed to meet all your needs and exceed expectations."
569,Weed Trimmer,"The Weed Trimmer is a high-quality product, designed to meet all your needs and exceed expectations."
570,Compost Bin,"The Compost Bin is a high-quality product, designed to meet all your needs and exceed expectations."
571,Patio Heater,"The Patio Heater is a high-quality product, designed to meet all your needs and exceed expectations."
572,Bird Feeder,"The Bird Feeder is a high-quality product, designed to meet all your needs and exceed expectations."
573,Garden Gloves,"The Garden Gloves is a high-quality product, designed to meet all your needs and exceed expectations."
574,Planter Box,"The Planter Box is a high-quality product, designed to meet all your needs and exceed expectations."
575,Outdoor String Lights,"The Outdoor String Lights is a high-quality product, designed to meet all your needs and exceed expectations."
576,Hammock,"The Hammock is a high-quality product, designed to meet all your needs and exceed expectations."
577,Garden Trowel,"The Garden Trowel is a high-quality product, designed to meet all your needs and exceed expectations."
578,Watering Can,"The Watering Can is a high-quality product, designed to meet all your needs and exceed expectations."
579,Garden Kneeler,"The Garden Kneeler is a high-quality product, designed to meet all your needs and exceed expectations."
580,Garden Sprayer,"The Garden Sprayer is a high-quality product, designed to meet all your needs and exceed expectations."
581,Outdoor Fire Pit,"The Outdoor Fire Pit is a high-quality product, designed to meet all your needs and exceed expectations."
582,Garden Cart,"The Garden Cart is a high-quality product, designed to meet all your needs and exceed expectations."
583,Garden Shears,"The Garden Shears is a high-quality product, designed to meet all your needs and exceed expectations."
584,Garden Fork,"The Garden Fork is a high-quality product, designed to meet all your needs and exceed expectations."
585,Solar Garden Lights,"The Solar Garden Lights is a high-quality product, designed to meet all your needs and exceed expectations."
586,Garden Fence,"The Garden Fence is a high-quality product, designed to meet all your needs and exceed expectations."
587,Garden Gnome,"The Garden Gnome is a high-quality product, designed to meet all your needs and exceed expectations."
588,Garden Statue,"The Garden Statue is a high-quality product, designed to meet all your needs and exceed expectations."
589,Outdoor Storage Box,"The Outdoor Storage Box is a high-quality product, designed to meet all your needs and exceed expectations."
590,Garden Soil,"The Garden Soil is a high-quality product, designed to meet all your needs and exceed expectations."
591,Denim Jeans,"The Denim Jeans is a high-quality product, designed to meet all your needs and exceed expectations."
592,Leather Jacket,"The Leather Jacket is a high-quality product, designed to meet all your needs and exceed expectations."
593,Sneakers,"The Sneakers is a high-quality product, designed to meet all your needs and exceed expectations."
594,Sunglasses,"The Sunglasses is a high-quality product, designed to meet all your needs and exceed expectations."
595,Handbag,"The Handbag is a high-quality product, designed to meet all your needs and exceed expectations."
596,Watch,"The Watch is a high-quality product, designed to meet all your needs and exceed expectations."
597,Scarf,"The Scarf is a high-quality product, designed to meet all your needs and exceed expectations."
598,Blazer,"The Blazer is a high-quality product, designed to meet all your needs and exceed expectations."
599,Dress Shoes,"The Dress Shoes is a high-quality product, designed to meet all your needs and exceed expectations."
600,Casual Shirt,"The Casual Shirt is a high-quality product, designed to meet all your needs and exceed expectations."
601,T-Shirt,"The T-Shirt is a high-quality product, designed to meet all your needs and exceed expectations."
602,Sweater,"The Sweater is a high-quality product, designed to meet all your needs and exceed expectations."
603,Dress,"The Dress is a high-quality product, designed to meet all your needs and exceed expectations."
604,Skirt,"The Skirt is a high-quality product, designed to meet all your needs and exceed expectations."
605,Blouse,"The Blouse is a high-quality product, designed to meet all your needs and exceed expectations."
606,Belt,"The Belt is a high-quality product, designed to meet all your needs and exceed expectations."
607,Cap,"The Cap is a high-quality product, designed to meet all your needs and exceed expectations."
608,Backpack,"The Backpack is a high-quality product, designed to meet all your needs and exceed expectations."
609,Sandals,"The Sandals is a high-quality product, designed to meet all your needs and exceed expectations."
610,Boots,"The Boots is a high-quality product, designed to meet all your needs and exceed expectations."
611,Necklace,"The Necklace is a high-quality product, designed to meet all your needs and exceed expectations."
612,Earrings,"The Earrings is a high-quality product, designed to meet all your needs and exceed expectations."
613,Bracelet,"The Bracelet is a high-quality product, designed to meet all your needs and exceed expectations."
614,Ring,"The Ring is a high-quality product, designed to meet all your needs and exceed expectations."
615,Swimwear,"The Swimwear is a high-quality product, designed to meet all your needs and exceed expectations."
616,Jumpsuit,"The Jumpsuit is a high-quality product, designed to meet all your needs and exceed expectations."
617,Tracksuit,"The Tracksuit is a high-quality product, designed to meet all your needs and exceed expectations."
618,Hoodie,"The Hoodie is a high-quality product, designed to meet all your needs and exceed expectations."
619,Lingerie,"The Lingerie is a high-quality product, designed to meet all your needs and exceed expectations."
620,Sports Bra,"The Sports Bra is a high-quality product, designed to meet all your needs and exceed expectations."
621,Baby Stroller,"The Baby Stroller is a high-quality product, designed to meet all your needs and exceed expectations."
622,Diapers,"The Diapers is a high-quality product, designed to meet all your needs and exceed expectations."
623,Baby Formula,"The Baby Formula is a high-quality product, designed to meet all your needs and exceed expectations."
624,Baby Crib,"The Baby Crib is a high-quality product, designed to meet all your needs and exceed expectations."
625,Baby Monitor,"The Baby Monitor is a high-quality product, designed to meet all your needs and exceed expectations."
626,Baby Clothes,"The Baby Clothes is a high-quality product, designed to meet all your needs and exceed expectations."
627,Baby Bottles,"The Baby Bottles is a high-quality product, designed to meet all your needs and exceed expectations."
628,Pacifiers,"The Pacifiers is a high-quality product, designed to meet all your needs and exceed expectations."
629,Baby Swing,"The Baby Swing is a high-quality product, designed to meet all your needs and exceed expectations."
630,Baby Carrier,"The Baby Carrier is a high-quality product, designed to meet all your needs and exceed expectations."
631,High Chair,"The High Chair is a high-quality product, designed to meet all your needs and exceed expectations."
632,Baby Wipes,"The Baby Wipes is a high-quality product, designed to meet all your needs and exceed expectations."
633,Baby Blanket,"The Baby Blanket is a high-quality product, designed to meet all your needs and exceed expectations."
634,Diaper Bag,"The Diaper Bag is a high-quality product, designed to meet all your needs and exceed expectations."
635,Baby Bathtub,"The Baby Bathtub is a high-quality product, designed to meet all your needs and exceed expectations."
636,Baby Shampoo,"The Baby Shampoo is a high-quality product, designed to meet all your needs and exceed expectations."
637,Baby Lotion,"The Baby Lotion is a high-quality product, designed to meet all your needs and exceed expectations."
638,Teething Toys,"The Teething Toys is a high-quality product, designed to meet all your needs and exceed expectations."
639,Baby Books,"The Baby Books is a high-quality product, designed to meet all your needs and exceed expectations."
640,Baby Toys,"The Baby Toys is a high-quality product, designed to meet all your needs and exceed expectations."
641,Baby Walker,"The Baby Walker is a high-quality product, designed to meet all your needs and exceed expectations."
642,Baby Bouncer,"The Baby Bouncer is a high-quality product, designed to meet all your needs and exceed expectations."
643,Baby Mattress,"The Baby Mattress is a high-quality product, designed to meet all your needs and exceed expectations."
644,Baby Food,"The Baby Food is a high-quality product, designed to meet all your needs and exceed expectations."
645,Breast Pump,"The Breast Pump is a high-quality product, designed to meet all your needs and exceed expectations."
646,Baby Bibs,"The Baby Bibs is a high-quality product, designed to meet all your needs and exceed expectations."
647,Changing Pad,"The Changing Pad is a high-quality product, designed to meet all your needs and exceed expectations."
648,Baby Grooming Kit,"The Baby Grooming Kit is a high-quality product, designed to meet all your needs and exceed expectations."
649,Baby Safety Gates,"The Baby Safety Gates is a high-quality product, designed to meet all your needs and exceed expectations."
650,Baby Car Seat,"The Baby Car Seat is a high-quality product, designed to meet all your needs and exceed expectations."
651,Building Blocks,"The Building Blocks is a high-quality product, designed to meet all your needs and exceed expectations."
652,Action Figures,"The Action Figures is a high-quality product, designed to meet all your needs and exceed expectations."
653,Dolls,"The Dolls is a high-quality product, designed to meet all your needs and exceed expectations."
654,Puzzle,"The Puzzle is a high-quality product, designed to meet all your needs and exceed expectations."
655,Toy Cars,"The Toy Cars is a high-quality product, designed to meet all your needs and exceed expectations."
656,Stuffed Animals,"The Stuffed Animals is a high-quality product, designed to meet all your needs and exceed expectations."
657,Board Games,"The Board Games is a high-quality product, designed to meet all your needs and exceed expectations."
658,Remote Control Cars,"The Remote Control Cars is a high-quality product, designed to meet all your needs and exceed expectations."
659,Toy Train Set,"The Toy Train Set is a high-quality product, designed to meet all your needs and exceed expectations."
660,Play-Doh,"The Play-Doh is a high-quality product, designed to meet all your needs and exceed expectations."
661,Lego Set,"The Lego Set is a high-quality product, designed to meet all your needs and exceed expectations."
662,Toy Kitchen,"The Toy Kitchen is a high-quality product, designed to meet all your needs and exceed expectations."
663,Art Supplies,"The Art Supplies is a high-quality product, designed to meet all your needs and exceed expectations."
664,Educational Toys,"The Educational Toys is a high-quality product, designed to meet all your needs and exceed expectations."
665,Outdoor Playhouse,"The Outdoor Playhouse is a high-quality product, designed to meet all your needs and exceed expectations."
666,Scooter,"The Scooter is a high-quality product, designed to meet all your needs and exceed expectations."
667,Bicycle,"The Bicycle is a high-quality product, designed to meet all your needs and exceed expectations."
668,Play Tent,"The Play Tent is a high-quality product, designed to meet all your needs and exceed expectations."
669,Rubik's Cube,"The Rubik's Cube is a high-quality product, designed to meet all your needs and exceed expectations."
670,Yo-Yo,"The Yo-Yo is a high-quality product, designed to meet all your needs and exceed expectations."
671,Musical Instruments,"The Musical Instruments is a high-quality product, designed to meet all your needs and exceed expectations."
672,Video Games,"The Video Games is a high-quality product, designed to meet all your needs and exceed expectations."
673,Sports Equipment,"The Sports Equipment is a high-quality product, designed to meet all your needs and exceed expectations."
674,Modeling Clay,"The Modeling Clay is a high-quality product, designed to meet all your needs and exceed expectations."
675,Finger Puppets,"The Finger Puppets is a high-quality product, designed to meet all your needs and exceed expectations."
676,Magic Set,"The Magic Set is a high-quality product, designed to meet all your needs and exceed expectations."
677,Toy Soldiers,"The Toy Soldiers is a high-quality product, designed to meet all your needs and exceed expectations."
678,Water Gun,"The Water Gun is a high-quality product, designed to meet all your needs and exceed expectations."
679,Marbles,"The Marbles is a high-quality product, designed to meet all your needs and exceed expectations."
680,Bubble Blower,"The Bubble Blower is a high-quality product, designed to meet all your needs and exceed expectations."
681,Vitamin C,"The Vitamin C is a high-quality product, designed to meet all your needs and exceed expectations."
682,Yoga Mat,"The Yoga Mat is a high-quality product, designed to meet all your needs and exceed expectations."
683,Resistance Bands,"The Resistance Bands is a high-quality product, designed to meet all your needs and exceed expectations."
684,Dumbbells,"The Dumbbells is a high-quality product, designed to meet all your needs and exceed expectations."
685,Treadmill,"The Treadmill is a high-quality product, designed to meet all your needs and exceed expectations."
686,Exercise Bike,"The Exercise Bike is a high-quality product, designed to meet all your needs and exceed expectations."
687,Protein Powder,"The Protein Powder is a high-quality product, designed to meet all your needs and exceed expectations."
688,First Aid Kit,"The First Aid Kit is a high-quality product, designed to meet all your needs and exceed expectations."
689,Thermometer,"The Thermometer is a high-quality product, designed to meet all your needs and exceed expectations."
690,Blood Pressure Monitor,"The Blood Pressure Monitor is a high-quality product, designed to meet all your needs and exceed expectations."
691,Hand Sanitizer,"The Hand Sanitizer is a high-quality product, designed to meet all your needs and exceed expectations."
692,Face Mask,"The Face Mask is a high-quality product, designed to meet all your needs and exceed expectations."
693,Essential Oils,"The Essential Oils is a high-quality product, designed to meet all your needs and exceed expectations."
694,Massage Gun,"The Massage Gun is a high-quality product, designed to meet all your needs and exceed expectations."
695,Foam Roller,"The Foam Roller is a high-quality product, designed to meet all your needs and exceed expectations."
696,Running Shoes,"The Running Shoes is a high-quality product, designed to meet all your needs and exceed expectations."
697,Fitness Tracker,"The Fitness Tracker is a high-quality product, designed to meet all your needs and exceed expectations."
698,Yoga Block,"The Yoga Block is a high-quality product, designed to meet all your needs and exceed expectations."
699,Water Bottle,"The Water Bottle is a high-quality product, designed to meet all your needs and exceed expectations."
700,Healthy Snacks,"The Healthy Snacks is a high-quality product, designed to meet all your needs and exceed expectations."
701,Herbal Tea,"The Herbal Tea is a high-quality product, designed to meet all your needs and exceed expectations."
702,Sleep Mask,"The Sleep Mask is a high-quality product, designed to meet all your needs and exceed expectations."
703,Electric Toothbrush,"The Electric Toothbrush is a high-quality product, designed to meet all your needs and exceed expectations."
704,Shampoo,"The Shampoo is a high-quality product, designed to meet all your needs and exceed expectations."
705,Conditioner,"The Conditioner is a high-quality product, designed to meet all your needs and exceed expectations."
706,Body Wash,"The Body Wash is a high-quality product, designed to meet all your needs and exceed expectations."
707,Moisturizer,"The Moisturizer is a high-quality product, designed to meet all your needs and exceed expectations."
708,Sunscreen,"The Sunscreen is a high-quality product, designed to meet all your needs and exceed expectations."
709,Lip Balm,"The Lip Balm is a high-quality product, designed to meet all your needs and exceed expectations."
710,Hair Brush,"The Hair Brush is a high-quality product, designed to meet all your needs and exceed expectations."
