product_id,product_name_y,description,,,
1,Apple iPhone 13,"The Apple iPhone 13 is Apple's latest smartphone, featuring advanced technology and sleek design, perfect for staying connected and capturing life's moments.",,,
2,Samsung Galaxy S21,"The Samsung Galaxy S21 by Samsung offers cutting-edge features and performance, ideal for those who want a high-end smartphone experience.",,,
3,Lenovo Yoga Laptop,"The Lenovo Yoga Laptop is a powerful and versatile computer, suitable for both work and entertainment. It combines high performance with portability.",,,
4,HP Pavilion Laptop,"The HP Pavilion Laptop is a powerful and versatile computer, suitable for both work and entertainment. It combines high performance with portability.",,,
5,Nike Running Shoes,"The Nike Running Shoes are designed for comfort and performance, making them perfect for athletes and fitness enthusiasts.",,,
6,Adidas Sneakers,"The Adidas Sneakers is a high-quality Sports product, designed to meet all your needs and exceed expectations.",,,
7,Sony WH-1000XM4 Headphones,"The Sony WH-1000XM4 Headphones is a high-quality Electronics product, designed to meet all your needs and exceed expectations.",,,
8,Amazon Echo Dot,"The Amazon Echo Dot is a high-quality Electronics product, designed to meet all your needs and exceed expectations.",,,
9,GoPro HERO9,"The GoPro HERO9 is a high-quality Electronics product, designed to meet all your needs and exceed expectations.",,,
10,Puma Sports Jacket,"The Puma Sports Jacket is a high-quality Sports product, designed to meet all your needs and exceed expectations.",,,
11,Samsung Galaxy Tab,"The Samsung Galaxy Tab by Samsung offers cutting-edge features and performance, ideal for those who want a high-end smartphone experience.",,,
12,Reebok Running Shoes,"The Reebok Running Shoes are designed for comfort and performance, making them perfect for athletes and fitness enthusiasts.",,,
13,Under Armour T-Shirt,"The Under Armour T-Shirt is a high-quality Sports product, designed to meet all your needs and exceed expectations.",,,
14,Puma Gym Gloves,"The Puma Gym Gloves is a high-quality Sports product, designed to meet all your needs and exceed expectations.",,,
15,Dell Inspiron Laptop,"The Dell Inspiron Laptop is a powerful and versatile computer, suitable for both work and entertainment. It combines high performance with portability.",,,
16,Garmin Forerunner 45,"The Garmin Forerunner 45 is a high-quality Sports product, designed to meet all your needs and exceed expectations.",,,
17,Apple MacBook Pro,"The Apple MacBook Pro is a high-quality Electronics product, designed to meet all your needs and exceed expectations.",,,
18,Puma Gym Gloves,"The Puma Gym Gloves is a high-quality Sports product, designed to meet all your needs and exceed expectations.",,,
19,Bose QuietComfort 35,"The Bose QuietComfort 35 is a high-quality Electronics product, designed to meet all your needs and exceed expectations.",,,
20,New Balance Running Shorts,"The New Balance Running Shorts is a high-quality Sports product, designed to meet all your needs and exceed expectations.",,,
21,Nike Yoga Mat,"The Nike Yoga Mat is a high-quality Sports product, designed to meet all your needs and exceed expectations.",,,
22,Apple Watch Series 6,"The Apple Watch Series 6 is a high-quality Electronics product, designed to meet all your needs and exceed expectations.",,,
23,Garmin Forerunner 45,"The Garmin Forerunner 45 is a high-quality Sports product, designed to meet all your needs and exceed expectations.",,,
24,Sony PlayStation 5,"The Sony PlayStation 5 is a high-quality Electronics product, designed to meet all your needs and exceed expectations.",,,
25,Asics Gel-Kayano 27,"The Asics Gel-Kayano 27 is a high-quality Sports product, designed to meet all your needs and exceed expectations.",,,
26,Asics Gel-Kayano 27,"The Asics Gel-Kayano 27 is a high-quality Sports product, designed to meet all your needs and exceed expectations.",,,
27,Puma Gym Gloves,"The Puma Gym Gloves is a high-quality Sports product, designed to meet all your needs and exceed expectations.",,,
28,Fitbit Charge 4,"The Fitbit Charge 4 is a high-quality Sports product, designed to meet all your needs and exceed expectations.",,,
29,Samsung Galaxy Tab,"The Samsung Galaxy Tab by Samsung offers cutting-edge features and performance, ideal for those who want a high-end smartphone experience.",,,
30,Asics Gel-Kayano 27,"The Asics Gel-Kayano 27 is a high-quality Sports product, designed to meet all your needs and exceed expectations.",,,
31,Wilson Tennis Racket,"The Wilson Tennis Racket is a high-quality Sports product, designed to meet all your needs and exceed expectations.",,,
32,Google Nest Hub,"The Google Nest Hub is a high-quality Electronics product, designed to meet all your needs and exceed expectations.",,,
33,Canon EOS M50,"The Canon EOS M50 is a high-quality Electronics product, designed to meet all your needs and exceed expectations.",,,
34,Canon EOS M50,"The Canon EOS M50 is a high-quality Electronics product, designed to meet all your needs and exceed expectations.",,,
35,Canon EOS M50,"The Canon EOS M50 is a high-quality Electronics product, designed to meet all your needs and exceed expectations.",,,
36,Reebok Running Shoes,"The Reebok Running Shoes are designed for comfort and performance, making them perfect for athletes and fitness enthusiasts.",,,
37,Bose QuietComfort 35,"The Bose QuietComfort 35 is a high-quality Electronics product, designed to meet all your needs and exceed expectations.",,,
38,Samsung Galaxy Tab,"The Samsung Galaxy Tab by Samsung offers cutting-edge features and performance, ideal for those who want a high-end smartphone experience.",,,
39,Roku Streaming Stick,"The Roku Streaming Stick is a high-quality Electronics product, designed to meet all your needs and exceed expectations.",,,
40,Apple Watch Series 6,"The Apple Watch Series 6 is a high-quality Electronics product, designed to meet all your needs and exceed expectations.",,,
41,Apple Watch Series 6,"The Apple Watch Series 6 is a high-quality Electronics product, designed to meet all your needs and exceed expectations.",,,
42,Apple MacBook Pro,"The Apple MacBook Pro is a high-quality Electronics product, designed to meet all your needs and exceed expectations.",,,
43,New Balance Running Shorts,"The New Balance Running Shorts is a high-quality Sports product, designed to meet all your needs and exceed expectations.",,,
44,Bose QuietComfort 35,"The Bose QuietComfort 35 is a high-quality Electronics product, designed to meet all your needs and exceed expectations.",,,
45,Nike Yoga Mat,"The Nike Yoga Mat is a high-quality Sports product, designed to meet all your needs and exceed expectations.",,,
46,Google Nest Hub,"The Google Nest Hub is a high-quality Electronics product, designed to meet all your needs and exceed expectations.",,,
47,Fitbit Charge 4,"The Fitbit Charge 4 is a high-quality Sports product, designed to meet all your needs and exceed expectations.",,,
48,Samsung Galaxy Tab,"The Samsung Galaxy Tab by Samsung offers cutting-edge features and performance, ideal for those who want a high-end smartphone experience.",,,
49,Nike Yoga Mat,"The Nike Yoga Mat is a high-quality Sports product, designed to meet all your needs and exceed expectations.",,,
50,Puma Gym Gloves,"The Puma Gym Gloves is a high-quality Sports product, designed to meet all your needs and exceed expectations.",,,
51,Reebok Running Shoes,"The Reebok Running Shoes are designed for comfort and performance, making them perfect for athletes and fitness enthusiasts.",,,
52,Under Armour T-Shirt,"The Under Armour T-Shirt is a high-quality Sports product, designed to meet all your needs and exceed expectations.",,,
53,Canon EOS M50,"The Canon EOS M50 is a high-quality Electronics product, designed to meet all your needs and exceed expectations.",,,
54,New Balance Running Shorts,"The New Balance Running Shorts is a high-quality Sports product, designed to meet all your needs and exceed expectations.",,,
55,Apple Watch Series 6,"The Apple Watch Series 6 is a high-quality Electronics product, designed to meet all your needs and exceed expectations.",,,
56,Bose QuietComfort 35,"The Bose QuietComfort 35 is a high-quality Electronics product, designed to meet all your needs and exceed expectations.",,,
57,Canon EOS M50,"The Canon EOS M50 is a high-quality Electronics product, designed to meet all your needs and exceed expectations.",,,
58,Under Armour T-Shirt,"The Under Armour T-Shirt is a high-quality Sports product, designed to meet all your needs and exceed expectations.",,,
59,Roku Streaming Stick,"The Roku Streaming Stick is a high-quality Electronics product, designed to meet all your needs and exceed expectations.",,,
60,Google Nest Hub,"The Google Nest Hub is a high-quality Electronics product, designed to meet all your needs and exceed expectations.",,,
61,Under Armour T-Shirt,"The Under Armour T-Shirt is a high-quality Sports product, designed to meet all your needs and exceed expectations.",,,
62,Google Nest Hub,"The Google Nest Hub is a high-quality Electronics product, designed to meet all your needs and exceed expectations.",,,
63,Wilson Tennis Racket,"The Wilson Tennis Racket is a high-quality Sports product, designed to meet all your needs and exceed expectations.",,,
64,Reebok Running Shoes,"The Reebok Running Shoes are designed for comfort and performance, making them perfect for athletes and fitness enthusiasts.",,,
65,Sony PlayStation 5,"The Sony PlayStation 5 is a high-quality Electronics product, designed to meet all your needs and exceed expectations.",,,
66,Reebok Running Shoes,"The Reebok Running Shoes are designed for comfort and performance, making them perfect for athletes and fitness enthusiasts.",,,
67,Nike Yoga Mat,"The Nike Yoga Mat is a high-quality Sports product, designed to meet all your needs and exceed expectations.",,,
68,Garmin Forerunner 45,"The Garmin Forerunner 45 is a high-quality Sports product, designed to meet all your needs and exceed expectations.",,,
69,Samsung Galaxy Tab,"The Samsung Galaxy Tab by Samsung offers cutting-edge features and performance, ideal for those who want a high-end smartphone experience.",,,
70,Google Nest Hub,"The Google Nest Hub is a high-quality Electronics product, designed to meet all your needs and exceed expectations.",,,
71,Samsung Galaxy Tab,"The Samsung Galaxy Tab by Samsung offers cutting-edge features and performance, ideal for those who want a high-end smartphone experience.",,,
72,Wilson Tennis Racket,"The Wilson Tennis Racket is a high-quality Sports product, designed to meet all your needs and exceed expectations.",,,
73,Apple Watch Series 6,"The Apple Watch Series 6 is a high-quality Electronics product, designed to meet all your needs and exceed expectations.",,,
74,Apple Watch Series 6,"The Apple Watch Series 6 is a high-quality Electronics product, designed to meet all your needs and exceed expectations.",,,
75,Asics Gel-Kayano 27,"The Asics Gel-Kayano 27 is a high-quality Sports product, designed to meet all your needs and exceed expectations.",,,
76,Roku Streaming Stick,"The Roku Streaming Stick is a high-quality Electronics product, designed to meet all your needs and exceed expectations.",,,
77,Puma Gym Gloves,"The Puma Gym Gloves is a high-quality Sports product, designed to meet all your needs and exceed expectations.",,,
78,Roku Streaming Stick,"The Roku Streaming Stick is a high-quality Electronics product, designed to meet all your needs and exceed expectations.",,,
79,Reebok Running Shoes,"The Reebok Running Shoes are designed for comfort and performance, making them perfect for athletes and fitness enthusiasts.",,,
80,Puma Gym Gloves,"The Puma Gym Gloves is a high-quality Sports product, designed to meet all your needs and exceed expectations.",,,
81,Asics Gel-Kayano 27,"The Asics Gel-Kayano 27 is a high-quality Sports product, designed to meet all your needs and exceed expectations.",,,
82,Reebok Running Shoes,"The Reebok Running Shoes are designed for comfort and performance, making them perfect for athletes and fitness enthusiasts.",,,
83,Google Nest Hub,"The Google Nest Hub is a high-quality Electronics product, designed to meet all your needs and exceed expectations.",,,
84,Canon EOS M50,"The Canon EOS M50 is a high-quality Electronics product, designed to meet all your needs and exceed expectations.",,,
85,Nike Yoga Mat,"The Nike Yoga Mat is a high-quality Sports product, designed to meet all your needs and exceed expectations.",,,
86,Google Nest Hub,"The Google Nest Hub is a high-quality Electronics product, designed to meet all your needs and exceed expectations.",,,
87,Dell Inspiron Laptop,"The Dell Inspiron Laptop is a powerful and versatile computer, suitable for both work and entertainment. It combines high performance with portability.",,,
88,Apple MacBook Pro,"The Apple MacBook Pro is a high-quality Electronics product, designed to meet all your needs and exceed expectations.",,,
89,Asics Gel-Kayano 27,"The Asics Gel-Kayano 27 is a high-quality Sports product, designed to meet all your needs and exceed expectations.",,,
90,Bose QuietComfort 35,"The Bose QuietComfort 35 is a high-quality Electronics product, designed to meet all your needs and exceed expectations.",,,
91,Under Armour T-Shirt,"The Under Armour T-Shirt is a high-quality Sports product, designed to meet all your needs and exceed expectations.",,,
92,New Balance Running Shorts,"The New Balance Running Shorts is a high-quality Sports product, designed to meet all your needs and exceed expectations.",,,
93,Puma Gym Gloves,"The Puma Gym Gloves is a high-quality Sports product, designed to meet all your needs and exceed expectations.",,,
94,New Balance Running Shorts,"The New Balance Running Shorts is a high-quality Sports product, designed to meet all your needs and exceed expectations.",,,
95,Fitbit Charge 4,"The Fitbit Charge 4 is a high-quality Sports product, designed to meet all your needs and exceed expectations.",,,
96,Bose QuietComfort 35,"The Bose QuietComfort 35 is a high-quality Electronics product, designed to meet all your needs and exceed expectations.",,,
97,Google Nest Hub,"The Google Nest Hub is a high-quality Electronics product, designed to meet all your needs and exceed expectations.",,,
98,Under Armour T-Shirt,"The Under Armour T-Shirt is a high-quality Sports product, designed to meet all your needs and exceed expectations.",,,
99,Sony PlayStation 5,"The Sony PlayStation 5 is a high-quality Electronics product, designed to meet all your needs and exceed expectations.",,,
100,Nike Yoga Mat,"The Nike Yoga Mat is a high-quality Sports product, designed to meet all your needs and exceed expectations.",,,
101,Fitbit Charge 4,"The Fitbit Charge 4 is a high-quality Sports product, designed to meet all your needs and exceed expectations.",,,
102,Roku Streaming Stick,"The Roku Streaming Stick is a high-quality Electronics product, designed to meet all your needs and exceed expectations.",,,
103,Sony PlayStation 5,"The Sony PlayStation 5 is a high-quality Electronics product, designed to meet all your needs and exceed expectations.",,,
104,Garmin Forerunner 45,"The Garmin Forerunner 45 is a high-quality Sports product, designed to meet all your needs and exceed expectations.",,,
105,Canon EOS M50,"The Canon EOS M50 is a high-quality Electronics product, designed to meet all your needs and exceed expectations.",,,
106,Garmin Forerunner 45,"The Garmin Forerunner 45 is a high-quality Sports product, designed to meet all your needs and exceed expectations.",,,
107,Bose QuietComfort 35,"The Bose QuietComfort 35 is a high-quality Electronics product, designed to meet all your needs and exceed expectations.",,,
108,Adidas Sports Bag,"The Adidas Sports Bag is a high-quality Sports product, designed to meet all your needs and exceed expectations.",,,
109,Bose QuietComfort 35,"The Bose QuietComfort 35 is a high-quality Electronics product, designed to meet all your needs and exceed expectations.",,,
110,Bose QuietComfort 35,"The Bose QuietComfort 35 is a high-quality Electronics product, designed to meet all your needs and exceed expectations.",,,
111,Google Nest Hub,"The Google Nest Hub is a high-quality Electronics product, designed to meet all your needs and exceed expectations.",,,
112,Bose QuietComfort 35,"The Bose QuietComfort 35 is a high-quality Electronics product, designed to meet all your needs and exceed expectations.",,,
113,Roku Streaming Stick,"The Roku Streaming Stick is a high-quality Electronics product, designed to meet all your needs and exceed expectations.",,,
114,Samsung Galaxy Tab,"The Samsung Galaxy Tab by Samsung offers cutting-edge features and performance, ideal for those who want a high-end smartphone experience.",,,
115,Under Armour T-Shirt,"The Under Armour T-Shirt is a high-quality Sports product, designed to meet all your needs and exceed expectations.",,,
116,Dell Inspiron Laptop,"The Dell Inspiron Laptop is a powerful and versatile computer, suitable for both work and entertainment. It combines high performance with portability.",,,
117,Canon EOS M50,"The Canon EOS M50 is a high-quality Electronics product, designed to meet all your needs and exceed expectations.",,,
118,Canon EOS M50,"The Canon EOS M50 is a high-quality Electronics product, designed to meet all your needs and exceed expectations.",,,
119,New Balance Running Shorts,"The New Balance Running Shorts is a high-quality Sports product, designed to meet all your needs and exceed expectations.",,,
120,Asics Gel-Kayano 27,"The Asics Gel-Kayano 27 is a high-quality Sports product, designed to meet all your needs and exceed expectations.",,,
121,Adidas Sports Bag,"The Adidas Sports Bag is a high-quality Sports product, designed to meet all your needs and exceed expectations.",,,
122,New Balance Running Shorts,"The New Balance Running Shorts is a high-quality Sports product, designed to meet all your needs and exceed expectations.",,,
123,Canon EOS M50,"The Canon EOS M50 is a high-quality Electronics product, designed to meet all your needs and exceed expectations.",,,
124,Sony PlayStation 5,"The Sony PlayStation 5 is a high-quality Electronics product, designed to meet all your needs and exceed expectations.",,,
125,Wilson Tennis Racket,"The Wilson Tennis Racket is a high-quality Sports product, designed to meet all your needs and exceed expectations.",,,
126,Samsung Galaxy Tab,"The Samsung Galaxy Tab by Samsung offers cutting-edge features and performance, ideal for those who want a high-end smartphone experience.",,,
127,Apple Watch Series 6,"The Apple Watch Series 6 is a high-quality Electronics product, designed to meet all your needs and exceed expectations.",,,
128,Adidas Sports Bag,"The Adidas Sports Bag is a high-quality Sports product, designed to meet all your needs and exceed expectations.",,,
129,Bose QuietComfort 35,"The Bose QuietComfort 35 is a high-quality Electronics product, designed to meet all your needs and exceed expectations.",,,
130,Wilson Tennis Racket,"The Wilson Tennis Racket is a high-quality Sports product, designed to meet all your needs and exceed expectations.",,,
131,Apple MacBook Pro,"The Apple MacBook Pro is a high-quality Electronics product, designed to meet all your needs and exceed expectations.",,,
132,Dell Inspiron Laptop,"The Dell Inspiron Laptop is a powerful and versatile computer, suitable for both work and entertainment. It combines high performance with portability.",,,
133,Google Nest Hub,"The Google Nest Hub is a high-quality Electronics product, designed to meet all your needs and exceed expectations.",,,
134,Sony PlayStation 5,"The Sony PlayStation 5 is a high-quality Electronics product, designed to meet all your needs and exceed expectations.",,,
135,Apple Watch Series 6,"The Apple Watch Series 6 is a high-quality Electronics product, designed to meet all your needs and exceed expectations.",,,
136,Apple Watch Series 6,"The Apple Watch Series 6 is a high-quality Electronics product, designed to meet all your needs and exceed expectations.",,,
137,Microsoft Surface Pro,"The Microsoft Surface Pro is a high-quality Electronics product, designed to meet all your needs and exceed expectations.",,,
138,Puma Gym Gloves,"The Puma Gym Gloves is a high-quality Sports product, designed to meet all your needs and exceed expectations.",,,
139,Garmin Forerunner 45,"The Garmin Forerunner 45 is a high-quality Sports product, designed to meet all your needs and exceed expectations.",,,
140,Wilson Tennis Racket,"The Wilson Tennis Racket is a high-quality Sports product, designed to meet all your needs and exceed expectations.",,,
141,Fitbit Charge 4,"The Fitbit Charge 4 is a high-quality Sports product, designed to meet all your needs and exceed expectations.",,,
142,Puma Gym Gloves,"The Puma Gym Gloves is a high-quality Sports product, designed to meet all your needs and exceed expectations.",,,
143,Google Nest Hub,"The Google Nest Hub is a high-quality Electronics product, designed to meet all your needs and exceed expectations.",,,
144,Puma Gym Gloves,"The Puma Gym Gloves is a high-quality Sports product, designed to meet all your needs and exceed expectations.",,,
145,Microsoft Surface Pro,"The Microsoft Surface Pro is a high-quality Electronics product, designed to meet all your needs and exceed expectations.",,,
146,Adidas Sports Bag,"The Adidas Sports Bag is a high-quality Sports product, designed to meet all your needs and exceed expectations.",,,
147,Reebok Running Shoes,"The Reebok Running Shoes are designed for comfort and performance, making them perfect for athletes and fitness enthusiasts.",,,
148,Samsung Galaxy Tab,"The Samsung Galaxy Tab by Samsung offers cutting-edge features and performance, ideal for those who want a high-end smartphone experience.",,,
149,Dell Inspiron Laptop,"The Dell Inspiron Laptop is a powerful and versatile computer, suitable for both work and entertainment. It combines high performance with portability.",,,
150,Canon EOS M50,"The Canon EOS M50 is a high-quality Electronics product, designed to meet all your needs and exceed expectations.",,,
151,Roku Streaming Stick,"The Roku Streaming Stick is a high-quality Electronics product, designed to meet all your needs and exceed expectations.",,,
152,Fitbit Charge 4,"The Fitbit Charge 4 is a high-quality Sports product, designed to meet all your needs and exceed expectations.",,,
153,Google Nest Hub,"The Google Nest Hub is a high-quality Electronics product, designed to meet all your needs and exceed expectations.",,,
154,Under Armour T-Shirt,"The Under Armour T-Shirt is a high-quality Sports product, designed to meet all your needs and exceed expectations.",,,
155,Roku Streaming Stick,"The Roku Streaming Stick is a high-quality Electronics product, designed to meet all your needs and exceed expectations.",,,
156,Nike Yoga Mat,"The Nike Yoga Mat is a high-quality Sports product, designed to meet all your needs and exceed expectations.",,,
157,Asics Gel-Kayano 27,"The Asics Gel-Kayano 27 is a high-quality Sports product, designed to meet all your needs and exceed expectations.",,,
158,Adidas Sports Bag,"The Adidas Sports Bag is a high-quality Sports product, designed to meet all your needs and exceed expectations.",,,
159,Adidas Sports Bag,"The Adidas Sports Bag is a high-quality Sports product, designed to meet all your needs and exceed expectations.",,,
160,Garmin Forerunner 45,"The Garmin Forerunner 45 is a high-quality Sports product, designed to meet all your needs and exceed expectations.",,,
161,Asics Gel-Kayano 27,"The Asics Gel-Kayano 27 is a high-quality Sports product, designed to meet all your needs and exceed expectations.",,,
162,Google Nest Hub,"The Google Nest Hub is a high-quality Electronics product, designed to meet all your needs and exceed expectations.",,,
163,Adidas Sports Bag,"The Adidas Sports Bag is a high-quality Sports product, designed to meet all your needs and exceed expectations.",,,
164,Wilson Tennis Racket,"The Wilson Tennis Racket is a high-quality Sports product, designed to meet all your needs and exceed expectations.",,,
165,Apple MacBook Pro,"The Apple MacBook Pro is a high-quality Electronics product, designed to meet all your needs and exceed expectations.",,,
166,Fitbit Charge 4,"The Fitbit Charge 4 is a high-quality Sports product, designed to meet all your needs and exceed expectations.",,,
167,Google Nest Hub,"The Google Nest Hub is a high-quality Electronics product, designed to meet all your needs and exceed expectations.",,,
168,Apple Watch Series 6,"The Apple Watch Series 6 is a high-quality Electronics product, designed to meet all your needs and exceed expectations.",,,
169,Roku Streaming Stick,"The Roku Streaming Stick is a high-quality Electronics product, designed to meet all your needs and exceed expectations.",,,
170,Samsung Galaxy Tab,"The Samsung Galaxy Tab by Samsung offers cutting-edge features and performance, ideal for those who want a high-end smartphone experience.",,,
171,Dell Inspiron Laptop,"The Dell Inspiron Laptop is a powerful and versatile computer, suitable for both work and entertainment. It combines high performance with portability.",,,
172,Asics Gel-Kayano 27,"The Asics Gel-Kayano 27 is a high-quality Sports product, designed to meet all your needs and exceed expectations.",,,
173,Adidas Sports Bag,"The Adidas Sports Bag is a high-quality Sports product, designed to meet all your needs and exceed expectations.",,,
174,New Balance Running Shorts,"The New Balance Running Shorts is a high-quality Sports product, designed to meet all your needs and exceed expectations.",,,
175,Apple Watch Series 6,"The Apple Watch Series 6 is a high-quality Electronics product, designed to meet all your needs and exceed expectations.",,,
176,Canon EOS M50,"The Canon EOS M50 is a high-quality Electronics product, designed to meet all your needs and exceed expectations.",,,
177,Reebok Running Shoes,"The Reebok Running Shoes are designed for comfort and performance, making them perfect for athletes and fitness enthusiasts.",,,
178,Canon EOS M50,"The Canon EOS M50 is a high-quality Electronics product, designed to meet all your needs and exceed expectations.",,,
179,Google Nest Hub,"The Google Nest Hub is a high-quality Electronics product, designed to meet all your needs and exceed expectations.",,,
180,Canon EOS M50,"The Canon EOS M50 is a high-quality Electronics product, designed to meet all your needs and exceed expectations.",,,
181,Canon EOS M50,"The Canon EOS M50 is a high-quality Electronics product, designed to meet all your needs and exceed expectations.",,,
182,Puma Gym Gloves,"The Puma Gym Gloves is a high-quality Sports product, designed to meet all your needs and exceed expectations.",,,
183,Sony PlayStation 5,"The Sony PlayStation 5 is a high-quality Electronics product, designed to meet all your needs and exceed expectations.",,,
184,Puma Gym Gloves,"The Puma Gym Gloves is a high-quality Sports product, designed to meet all your needs and exceed expectations.",,,
185,Puma Gym Gloves,"The Puma Gym Gloves is a high-quality Sports product, designed to meet all your needs and exceed expectations.",,,
186,Samsung Galaxy Tab,"The Samsung Galaxy Tab by Samsung offers cutting-edge features and performance, ideal for those who want a high-end smartphone experience.",,,
187,Garmin Forerunner 45,"The Garmin Forerunner 45 is a high-quality Sports product, designed to meet all your needs and exceed expectations.",,,
188,Nike Yoga Mat,"The Nike Yoga Mat is a high-quality Sports product, designed to meet all your needs and exceed expectations.",,,
189,Under Armour T-Shirt,"The Under Armour T-Shirt is a high-quality Sports product, designed to meet all your needs and exceed expectations.",,,
190,Canon EOS M50,"The Canon EOS M50 is a high-quality Electronics product, designed to meet all your needs and exceed expectations.",,,
191,Dell Inspiron Laptop,"The Dell Inspiron Laptop is a powerful and versatile computer, suitable for both work and entertainment. It combines high performance with portability.",,,
192,Garmin Forerunner 45,"The Garmin Forerunner 45 is a high-quality Sports product, designed to meet all your needs and exceed expectations.",,,
193,Apple Watch Series 6,"The Apple Watch Series 6 is a high-quality Electronics product, designed to meet all your needs and exceed expectations.",,,
194,Under Armour T-Shirt,"The Under Armour T-Shirt is a high-quality Sports product, designed to meet all your needs and exceed expectations.",,,
195,Bose QuietComfort 35,"The Bose QuietComfort 35 is a high-quality Electronics product, designed to meet all your needs and exceed expectations.",,,
196,Wilson Tennis Racket,"The Wilson Tennis Racket is a high-quality Sports product, designed to meet all your needs and exceed expectations.",,,
197,Nike Yoga Mat,"The Nike Yoga Mat is a high-quality Sports product, designed to meet all your needs and exceed expectations.",,,
198,Microsoft Surface Pro,"The Microsoft Surface Pro is a high-quality Electronics product, designed to meet all your needs and exceed expectations.",,,
199,Sony PlayStation 5,"The Sony PlayStation 5 is a high-quality Electronics product, designed to meet all your needs and exceed expectations.",,,
200,New Balance Running Shorts,"The New Balance Running Shorts is a high-quality Sports product, designed to meet all your needs and exceed expectations.",,,
201,New Balance Running Shorts,"The New Balance Running Shorts is a high-quality Sports product, designed to meet all your needs and exceed expectations.",,,
202,Asics Gel-Kayano 27,"The Asics Gel-Kayano 27 is a high-quality Sports product, designed to meet all your needs and exceed expectations.",,,
203,Puma Gym Gloves,"The Puma Gym Gloves is a high-quality Sports product, designed to meet all your needs and exceed expectations.",,,
204,Bose QuietComfort 35,"The Bose QuietComfort 35 is a high-quality Electronics product, designed to meet all your needs and exceed expectations.",,,
205,New Balance Running Shorts,"The New Balance Running Shorts is a high-quality Sports product, designed to meet all your needs and exceed expectations.",,,
206,New Balance Running Shorts,"The New Balance Running Shorts is a high-quality Sports product, designed to meet all your needs and exceed expectations.",,,
207,Wilson Tennis Racket,"The Wilson Tennis Racket is a high-quality Sports product, designed to meet all your needs and exceed expectations.",,,
208,New Balance Running Shorts,"The New Balance Running Shorts is a high-quality Sports product, designed to meet all your needs and exceed expectations.",,,
209,Adidas Sports Bag,"The Adidas Sports Bag is a high-quality Sports product, designed to meet all your needs and exceed expectations.",,,
210,Apple Watch Series 6,"The Apple Watch Series 6 is a high-quality Electronics product, designed to meet all your needs and exceed expectations.",,,
211,Microsoft Surface Pro,"The Microsoft Surface Pro is a high-quality Electronics product, designed to meet all your needs and exceed expectations.",,,
212,Wilson Tennis Racket,"The Wilson Tennis Racket is a high-quality Sports product, designed to meet all your needs and exceed expectations.",,,
213,Asics Gel-Kayano 27,"The Asics Gel-Kayano 27 is a high-quality Sports product, designed to meet all your needs and exceed expectations.",,,
214,Sony PlayStation 5,"The Sony PlayStation 5 is a high-quality Electronics product, designed to meet all your needs and exceed expectations.",,,
215,Asics Gel-Kayano 27,"The Asics Gel-Kayano 27 is a high-quality Sports product, designed to meet all your needs and exceed expectations.",,,
216,Fitbit Charge 4,"The Fitbit Charge 4 is a high-quality Sports product, designed to meet all your needs and exceed expectations.",,,
217,Bose QuietComfort 35,"The Bose QuietComfort 35 is a high-quality Electronics product, designed to meet all your needs and exceed expectations.",,,
218,Sony PlayStation 5,"The Sony PlayStation 5 is a high-quality Electronics product, designed to meet all your needs and exceed expectations.",,,
219,Bose QuietComfort 35,"The Bose QuietComfort 35 is a high-quality Electronics product, designed to meet all your needs and exceed expectations.",,,
220,Sony PlayStation 5,"The Sony PlayStation 5 is a high-quality Electronics product, designed to meet all your needs and exceed expectations.",,,
221,Bose QuietComfort 35,"The Bose QuietComfort 35 is a high-quality Electronics product, designed to meet all your needs and exceed expectations.",,,
222,Samsung Galaxy Tab,"The Samsung Galaxy Tab by Samsung offers cutting-edge features and performance, ideal for those who want a high-end smartphone experience.",,,
223,Canon EOS M50,"The Canon EOS M50 is a high-quality Electronics product, designed to meet all your needs and exceed expectations.",,,
224,Reebok Running Shoes,"The Reebok Running Shoes are designed for comfort and performance, making them perfect for athletes and fitness enthusiasts.",,,
225,Google Nest Hub,"The Google Nest Hub is a high-quality Electronics product, designed to meet all your needs and exceed expectations.",,,
226,Apple Watch Series 6,"The Apple Watch Series 6 is a high-quality Electronics product, designed to meet all your needs and exceed expectations.",,,
227,Adidas Sports Bag,"The Adidas Sports Bag is a high-quality Sports product, designed to meet all your needs and exceed expectations.",,,
228,Wilson Tennis Racket,"The Wilson Tennis Racket is a high-quality Sports product, designed to meet all your needs and exceed expectations.",,,
229,Nike Yoga Mat,"The Nike Yoga Mat is a high-quality Sports product, designed to meet all your needs and exceed expectations.",,,
230,Bose QuietComfort 35,"The Bose QuietComfort 35 is a high-quality Electronics product, designed to meet all your needs and exceed expectations.",,,
231,Dell Inspiron Laptop,"The Dell Inspiron Laptop is a powerful and versatile computer, suitable for both work and entertainment. It combines high performance with portability.",,,
232,Dell Inspiron Laptop,"The Dell Inspiron Laptop is a powerful and versatile computer, suitable for both work and entertainment. It combines high performance with portability.",,,
233,Puma Gym Gloves,"The Puma Gym Gloves is a high-quality Sports product, designed to meet all your needs and exceed expectations.",,,
234,Sony PlayStation 5,"The Sony PlayStation 5 is a high-quality Electronics product, designed to meet all your needs and exceed expectations.",,,
235,Microsoft Surface Pro,"The Microsoft Surface Pro is a high-quality Electronics product, designed to meet all your needs and exceed expectations.",,,
236,Garmin Forerunner 45,"The Garmin Forerunner 45 is a high-quality Sports product, designed to meet all your needs and exceed expectations.",,,
237,New Balance Running Shorts,"The New Balance Running Shorts is a high-quality Sports product, designed to meet all your needs and exceed expectations.",,,
238,Asics Gel-Kayano 27,"The Asics Gel-Kayano 27 is a high-quality Sports product, designed to meet all your needs and exceed expectations.",,,
239,Apple MacBook Pro,"The Apple MacBook Pro is a high-quality Electronics product, designed to meet all your needs and exceed expectations.",,,
240,Adidas Sports Bag,"The Adidas Sports Bag is a high-quality Sports product, designed to meet all your needs and exceed expectations.",,,
241,Apple MacBook Pro,"The Apple MacBook Pro is a high-quality Electronics product, designed to meet all your needs and exceed expectations.",,,
242,Dell Inspiron Laptop,"The Dell Inspiron Laptop is a powerful and versatile computer, suitable for both work and entertainment. It combines high performance with portability.",,,
243,Under Armour T-Shirt,"The Under Armour T-Shirt is a high-quality Sports product, designed to meet all your needs and exceed expectations.",,,
244,Reebok Running Shoes,"The Reebok Running Shoes are designed for comfort and performance, making them perfect for athletes and fitness enthusiasts.",,,
245,Apple MacBook Pro,"The Apple MacBook Pro is a high-quality Electronics product, designed to meet all your needs and exceed expectations.",,,
246,Canon EOS M50,"The Canon EOS M50 is a high-quality Electronics product, designed to meet all your needs and exceed expectations.",,,
247,Adidas Sports Bag,"The Adidas Sports Bag is a high-quality Sports product, designed to meet all your needs and exceed expectations.",,,
248,Under Armour T-Shirt,"The Under Armour T-Shirt is a high-quality Sports product, designed to meet all your needs and exceed expectations.",,,
249,Microsoft Surface Pro,"The Microsoft Surface Pro is a high-quality Electronics product, designed to meet all your needs and exceed expectations.",,,
250,Puma Gym Gloves,"The Puma Gym Gloves is a high-quality Sports product, designed to meet all your needs and exceed expectations.",,,
251,Samsung Galaxy Tab,"The Samsung Galaxy Tab by Samsung offers cutting-edge features and performance, ideal for those who want a high-end smartphone experience.",,,
252,Microsoft Surface Pro,"The Microsoft Surface Pro is a high-quality Electronics product, designed to meet all your needs and exceed expectations.",,,
253,Samsung Galaxy Tab,"The Samsung Galaxy Tab by Samsung offers cutting-edge features and performance, ideal for those who want a high-end smartphone experience.",,,
254,Google Nest Hub,"The Google Nest Hub is a high-quality Electronics product, designed to meet all your needs and exceed expectations.",,,
255,Apple Watch Series 6,"The Apple Watch Series 6 is a high-quality Electronics product, designed to meet all your needs and exceed expectations.",,,
256,New Balance Running Shorts,"The New Balance Running Shorts is a high-quality Sports product, designed to meet all your needs and exceed expectations.",,,
257,Apple Watch Series 6,"The Apple Watch Series 6 is a high-quality Electronics product, designed to meet all your needs and exceed expectations.",,,
258,Garmin Forerunner 45,"The Garmin Forerunner 45 is a high-quality Sports product, designed to meet all your needs and exceed expectations.",,,
259,Puma Gym Gloves,"The Puma Gym Gloves is a high-quality Sports product, designed to meet all your needs and exceed expectations.",,,
260,New Balance Running Shorts,"The New Balance Running Shorts is a high-quality Sports product, designed to meet all your needs and exceed expectations.",,,
261,Google Nest Hub,"The Google Nest Hub is a high-quality Electronics product, designed to meet all your needs and exceed expectations.",,,
262,Sony PlayStation 5,"The Sony PlayStation 5 is a high-quality Electronics product, designed to meet all your needs and exceed expectations.",,,
263,Adidas Sports Bag,"The Adidas Sports Bag is a high-quality Sports product, designed to meet all your needs and exceed expectations.",,,
264,Google Nest Hub,"The Google Nest Hub is a high-quality Electronics product, designed to meet all your needs and exceed expectations.",,,
265,New Balance Running Shorts,"The New Balance Running Shorts is a high-quality Sports product, designed to meet all your needs and exceed expectations.",,,
266,Sony PlayStation 5,"The Sony PlayStation 5 is a high-quality Electronics product, designed to meet all your needs and exceed expectations.",,,
267,Nike Yoga Mat,"The Nike Yoga Mat is a high-quality Sports product, designed to meet all your needs and exceed expectations.",,,
268,Canon EOS M50,"The Canon EOS M50 is a high-quality Electronics product, designed to meet all your needs and exceed expectations.",,,
269,New Balance Running Shorts,"The New Balance Running Shorts is a high-quality Sports product, designed to meet all your needs and exceed expectations.",,,
270,Microsoft Surface Pro,"The Microsoft Surface Pro is a high-quality Electronics product, designed to meet all your needs and exceed expectations.",,,
271,Samsung Galaxy Tab,"The Samsung Galaxy Tab by Samsung offers cutting-edge features and performance, ideal for those who want a high-end smartphone experience.",,,
272,Canon EOS M50,"The Canon EOS M50 is a high-quality Electronics product, designed to meet all your needs and exceed expectations.",,,
273,Reebok Running Shoes,"The Reebok Running Shoes are designed for comfort and performance, making them perfect for athletes and fitness enthusiasts.",,,
274,Asics Gel-Kayano 27,"The Asics Gel-Kayano 27 is a high-quality Sports product, designed to meet all your needs and exceed expectations.",,,
275,Fitbit Charge 4,"The Fitbit Charge 4 is a high-quality Sports product, designed to meet all your needs and exceed expectations.",,,
276,Apple Watch Series 6,"The Apple Watch Series 6 is a high-quality Electronics product, designed to meet all your needs and exceed expectations.",,,
277,Bose QuietComfort 35,"The Bose QuietComfort 35 is a high-quality Electronics product, designed to meet all your needs and exceed expectations.",,,
278,Apple MacBook Pro,"The Apple MacBook Pro is a high-quality Electronics product, designed to meet all your needs and exceed expectations.",,,
279,Bose QuietComfort 35,"The Bose QuietComfort 35 is a high-quality Electronics product, designed to meet all your needs and exceed expectations.",,,
280,Dell Inspiron Laptop,"The Dell Inspiron Laptop is a powerful and versatile computer, suitable for both work and entertainment. It combines high performance with portability.",,,
281,Apple MacBook Pro,"The Apple MacBook Pro is a high-quality Electronics product, designed to meet all your needs and exceed expectations.",,,
282,Asics Gel-Kayano 27,"The Asics Gel-Kayano 27 is a high-quality Sports product, designed to meet all your needs and exceed expectations.",,,
283,Asics Gel-Kayano 27,"The Asics Gel-Kayano 27 is a high-quality Sports product, designed to meet all your needs and exceed expectations.",,,
284,Dell Inspiron Laptop,"The Dell Inspiron Laptop is a powerful and versatile computer, suitable for both work and entertainment. It combines high performance with portability.",,,
285,Under Armour T-Shirt,"The Under Armour T-Shirt is a high-quality Sports product, designed to meet all your needs and exceed expectations.",,,
286,Google Nest Hub,"The Google Nest Hub is a high-quality Electronics product, designed to meet all your needs and exceed expectations.",,,
287,Apple MacBook Pro,"The Apple MacBook Pro is a high-quality Electronics product, designed to meet all your needs and exceed expectations.",,,
288,Roku Streaming Stick,"The Roku Streaming Stick is a high-quality Electronics product, designed to meet all your needs and exceed expectations.",,,
289,Samsung Galaxy Tab,"The Samsung Galaxy Tab by Samsung offers cutting-edge features and performance, ideal for those who want a high-end smartphone experience.",,,
290,Under Armour T-Shirt,"The Under Armour T-Shirt is a high-quality Sports product, designed to meet all your needs and exceed expectations.",,,
291,Wilson Tennis Racket,"The Wilson Tennis Racket is a high-quality Sports product, designed to meet all your needs and exceed expectations.",,,
292,Under Armour T-Shirt,"The Under Armour T-Shirt is a high-quality Sports product, designed to meet all your needs and exceed expectations.",,,
293,Roku Streaming Stick,"The Roku Streaming Stick is a high-quality Electronics product, designed to meet all your needs and exceed expectations.",,,
294,Canon EOS M50,"The Canon EOS M50 is a high-quality Electronics product, designed to meet all your needs and exceed expectations.",,,
295,Wilson Tennis Racket,"The Wilson Tennis Racket is a high-quality Sports product, designed to meet all your needs and exceed expectations.",,,
296,Reebok Running Shoes,"The Reebok Running Shoes are designed for comfort and performance, making them perfect for athletes and fitness enthusiasts.",,,
297,Adidas Sports Bag,"The Adidas Sports Bag is a high-quality Sports product, designed to meet all your needs and exceed expectations.",,,
298,Bose QuietComfort 35,"The Bose QuietComfort 35 is a high-quality Electronics product, designed to meet all your needs and exceed expectations.",,,
299,Wilson Tennis Racket,"The Wilson Tennis Racket is a high-quality Sports product, designed to meet all your needs and exceed expectations.",,,
300,Puma Gym Gloves,"The Puma Gym Gloves is a high-quality Sports product, designed to meet all your needs and exceed expectations.",,,
301,Garmin Forerunner 45,"The Garmin Forerunner 45 is a high-quality Sports product, designed to meet all your needs and exceed expectations.",,,
302,Nike Yoga Mat,"The Nike Yoga Mat is a high-quality Sports product, designed to meet all your needs and exceed expectations.",,,
303,Roku Streaming Stick,"The Roku Streaming Stick is a high-quality Electronics product, designed to meet all your needs and exceed expectations.",,,
304,Asics Gel-Kayano 27,"The Asics Gel-Kayano 27 is a high-quality Sports product, designed to meet all your needs and exceed expectations.",,,
305,Garmin Forerunner 45,"The Garmin Forerunner 45 is a high-quality Sports product, designed to meet all your needs and exceed expectations.",,,
306,Reebok Running Shoes,"The Reebok Running Shoes are designed for comfort and performance, making them perfect for athletes and fitness enthusiasts.",,,
307,Garmin Forerunner 45,"The Garmin Forerunner 45 is a high-quality Sports product, designed to meet all your needs and exceed expectations.",,,
308,Puma Gym Gloves,"The Puma Gym Gloves is a high-quality Sports product, designed to meet all your needs and exceed expectations.",,,
309,Fitbit Charge 4,"The Fitbit Charge 4 is a high-quality Sports product, designed to meet all your needs and exceed expectations.",,,
310,Bose QuietComfort 35,"The Bose QuietComfort 35 is a high-quality Electronics product, designed to meet all your needs and exceed expectations.",,,
311,Wilson Tennis Racket,"The Wilson Tennis Racket is a high-quality Sports product, designed to meet all your needs and exceed expectations.",,,
312,Wilson Tennis Racket,"The Wilson Tennis Racket is a high-quality Sports product, designed to meet all your needs and exceed expectations.",,,
313,Puma Gym Gloves,"The Puma Gym Gloves is a high-quality Sports product, designed to meet all your needs and exceed expectations.",,,
314,Wilson Tennis Racket,"The Wilson Tennis Racket is a high-quality Sports product, designed to meet all your needs and exceed expectations.",,,
315,Samsung Galaxy Tab,"The Samsung Galaxy Tab by Samsung offers cutting-edge features and performance, ideal for those who want a high-end smartphone experience.",,,
316,Wilson Tennis Racket,"The Wilson Tennis Racket is a high-quality Sports product, designed to meet all your needs and exceed expectations.",,,
317,Sony PlayStation 5,"The Sony PlayStation 5 is a high-quality Electronics product, designed to meet all your needs and exceed expectations.",,,
318,Adidas Sports Bag,"The Adidas Sports Bag is a high-quality Sports product, designed to meet all your needs and exceed expectations.",,,
319,Fitbit Charge 4,"The Fitbit Charge 4 is a high-quality Sports product, designed to meet all your needs and exceed expectations.",,,
320,Samsung Galaxy Tab,"The Samsung Galaxy Tab by Samsung offers cutting-edge features and performance, ideal for those who want a high-end smartphone experience.",,,
321,Google Nest Hub,"The Google Nest Hub is a high-quality Electronics product, designed to meet all your needs and exceed expectations.",,,
322,Nike Yoga Mat,"The Nike Yoga Mat is a high-quality Sports product, designed to meet all your needs and exceed expectations.",,,
323,Apple MacBook Pro,"The Apple MacBook Pro is a high-quality Electronics product, designed to meet all your needs and exceed expectations.",,,
324,Bose QuietComfort 35,"The Bose QuietComfort 35 is a high-quality Electronics product, designed to meet all your needs and exceed expectations.",,,
325,Reebok Running Shoes,"The Reebok Running Shoes are designed for comfort and performance, making them perfect for athletes and fitness enthusiasts.",,,
326,Garmin Forerunner 45,"The Garmin Forerunner 45 is a high-quality Sports product, designed to meet all your needs and exceed expectations.",,,
327,Bose QuietComfort 35,"The Bose QuietComfort 35 is a high-quality Electronics product, designed to meet all your needs and exceed expectations.",,,
328,Asics Gel-Kayano 27,"The Asics Gel-Kayano 27 is a high-quality Sports product, designed to meet all your needs and exceed expectations.",,,
329,Puma Gym Gloves,"The Puma Gym Gloves is a high-quality Sports product, designed to meet all your needs and exceed expectations.",,,
330,Puma Gym Gloves,"The Puma Gym Gloves is a high-quality Sports product, designed to meet all your needs and exceed expectations.",,,
331,Apple MacBook Pro,"The Apple MacBook Pro is a high-quality Electronics product, designed to meet all your needs and exceed expectations.",,,
332,Apple Watch Series 6,"The Apple Watch Series 6 is a high-quality Electronics product, designed to meet all your needs and exceed expectations.",,,
333,New Balance Running Shorts,"The New Balance Running Shorts is a high-quality Sports product, designed to meet all your needs and exceed expectations.",,,
334,Fitbit Charge 4,"The Fitbit Charge 4 is a high-quality Sports product, designed to meet all your needs and exceed expectations.",,,
335,Dell Inspiron Laptop,"The Dell Inspiron Laptop is a powerful and versatile computer, suitable for both work and entertainment. It combines high performance with portability.",,,
336,Nike Yoga Mat,"The Nike Yoga Mat is a high-quality Sports product, designed to meet all your needs and exceed expectations.",,,
337,Puma Gym Gloves,"The Puma Gym Gloves is a high-quality Sports product, designed to meet all your needs and exceed expectations.",,,
338,Under Armour T-Shirt,"The Under Armour T-Shirt is a high-quality Sports product, designed to meet all your needs and exceed expectations.",,,
339,Asics Gel-Kayano 27,"The Asics Gel-Kayano 27 is a high-quality Sports product, designed to meet all your needs and exceed expectations.",,,
340,Apple MacBook Pro,"The Apple MacBook Pro is a high-quality Electronics product, designed to meet all your needs and exceed expectations.",,,
341,Reebok Running Shoes,"The Reebok Running Shoes are designed for comfort and performance, making them perfect for athletes and fitness enthusiasts.",,,
342,Microsoft Surface Pro,"The Microsoft Surface Pro is a high-quality Electronics product, designed to meet all your needs and exceed expectations.",,,
343,Google Nest Hub,"The Google Nest Hub is a high-quality Electronics product, designed to meet all your needs and exceed expectations.",,,
344,Adidas Sports Bag,"The Adidas Sports Bag is a high-quality Sports product, designed to meet all your needs and exceed expectations.",,,
345,Roku Streaming Stick,"The Roku Streaming Stick is a high-quality Electronics product, designed to meet all your needs and exceed expectations.",,,
346,Wilson Tennis Racket,"The Wilson Tennis Racket is a high-quality Sports product, designed to meet all your needs and exceed expectations.",,,
347,Under Armour T-Shirt,"The Under Armour T-Shirt is a high-quality Sports product, designed to meet all your needs and exceed expectations.",,,
348,Roku Streaming Stick,"The Roku Streaming Stick is a high-quality Electronics product, designed to meet all your needs and exceed expectations.",,,
349,Sony PlayStation 5,"The Sony PlayStation 5 is a high-quality Electronics product, designed to meet all your needs and exceed expectations.",,,
350,Google Nest Hub,"The Google Nest Hub is a high-quality Electronics product, designed to meet all your needs and exceed expectations.",,,
351,Apple MacBook Pro,"The Apple MacBook Pro is a high-quality Electronics product, designed to meet all your needs and exceed expectations.",,,
352,Garmin Forerunner 45,"The Garmin Forerunner 45 is a high-quality Sports product, designed to meet all your needs and exceed expectations.",,,
353,Garmin Forerunner 45,"The Garmin Forerunner 45 is a high-quality Sports product, designed to meet all your needs and exceed expectations.",,,
354,Adidas Sports Bag,"The Adidas Sports Bag is a high-quality Sports product, designed to meet all your needs and exceed expectations.",,,
355,Roku Streaming Stick,"The Roku Streaming Stick is a high-quality Electronics product, designed to meet all your needs and exceed expectations.",,,
356,Apple Watch Series 6,"The Apple Watch Series 6 is a high-quality Electronics product, designed to meet all your needs and exceed expectations.",,,
357,Roku Streaming Stick,"The Roku Streaming Stick is a high-quality Electronics product, designed to meet all your needs and exceed expectations.",,,
358,New Balance Running Shorts,"The New Balance Running Shorts is a high-quality Sports product, designed to meet all your needs and exceed expectations.",,,
359,Asics Gel-Kayano 27,"The Asics Gel-Kayano 27 is a high-quality Sports product, designed to meet all your needs and exceed expectations.",,,
360,Garmin Forerunner 45,"The Garmin Forerunner 45 is a high-quality Sports product, designed to meet all your needs and exceed expectations.",,,
361,Reebok Running Shoes,"The Reebok Running Shoes are designed for comfort and performance, making them perfect for athletes and fitness enthusiasts.",,,
362,Adidas Sports Bag,"The Adidas Sports Bag is a high-quality Sports product, designed to meet all your needs and exceed expectations.",,,
363,Sony PlayStation 5,"The Sony PlayStation 5 is a high-quality Electronics product, designed to meet all your needs and exceed expectations.",,,
364,Google Nest Hub,"The Google Nest Hub is a high-quality Electronics product, designed to meet all your needs and exceed expectations.",,,
365,Google Nest Hub,"The Google Nest Hub is a high-quality Electronics product, designed to meet all your needs and exceed expectations.",,,
366,Adidas Sports Bag,"The Adidas Sports Bag is a high-quality Sports product, designed to meet all your needs and exceed expectations.",,,
367,Sony PlayStation 5,"The Sony PlayStation 5 is a high-quality Electronics product, designed to meet all your needs and exceed expectations.",,,
368,Google Nest Hub,"The Google Nest Hub is a high-quality Electronics product, designed to meet all your needs and exceed expectations.",,,
369,Nike Yoga Mat,"The Nike Yoga Mat is a high-quality Sports product, designed to meet all your needs and exceed expectations.",,,
370,Under Armour T-Shirt,"The Under Armour T-Shirt is a high-quality Sports product, designed to meet all your needs and exceed expectations.",,,
371,Apple Watch Series 6,"The Apple Watch Series 6 is a high-quality Electronics product, designed to meet all your needs and exceed expectations.",,,
372,Fitbit Charge 4,"The Fitbit Charge 4 is a high-quality Sports product, designed to meet all your needs and exceed expectations.",,,
373,Google Nest Hub,"The Google Nest Hub is a high-quality Electronics product, designed to meet all your needs and exceed expectations.",,,
374,New Balance Running Shorts,"The New Balance Running Shorts is a high-quality Sports product, designed to meet all your needs and exceed expectations.",,,
375,Dell Inspiron Laptop,"The Dell Inspiron Laptop is a powerful and versatile computer, suitable for both work and entertainment. It combines high performance with portability.",,,
376,Canon EOS M50,"The Canon EOS M50 is a high-quality Electronics product, designed to meet all your needs and exceed expectations.",,,
377,Microsoft Surface Pro,"The Microsoft Surface Pro is a high-quality Electronics product, designed to meet all your needs and exceed expectations.",,,
378,Nike Yoga Mat,"The Nike Yoga Mat is a high-quality Sports product, designed to meet all your needs and exceed expectations.",,,
379,Garmin Forerunner 45,"The Garmin Forerunner 45 is a high-quality Sports product, designed to meet all your needs and exceed expectations.",,,
380,Adidas Sports Bag,"The Adidas Sports Bag is a high-quality Sports product, designed to meet all your needs and exceed expectations.",,,
381,Apple MacBook Pro,"The Apple MacBook Pro is a high-quality Electronics product, designed to meet all your needs and exceed expectations.",,,
382,Fitbit Charge 4,"The Fitbit Charge 4 is a high-quality Sports product, designed to meet all your needs and exceed expectations.",,,
383,Sony PlayStation 5,"The Sony PlayStation 5 is a high-quality Electronics product, designed to meet all your needs and exceed expectations.",,,
384,Apple MacBook Pro,"The Apple MacBook Pro is a high-quality Electronics product, designed to meet all your needs and exceed expectations.",,,
385,Google Nest Hub,"The Google Nest Hub is a high-quality Electronics product, designed to meet all your needs and exceed expectations.",,,
386,Garmin Forerunner 45,"The Garmin Forerunner 45 is a high-quality Sports product, designed to meet all your needs and exceed expectations.",,,
387,Under Armour T-Shirt,"The Under Armour T-Shirt is a high-quality Sports product, designed to meet all your needs and exceed expectations.",,,
388,Adidas Sports Bag,"The Adidas Sports Bag is a high-quality Sports product, designed to meet all your needs and exceed expectations.",,,
389,Fitbit Charge 4,"The Fitbit Charge 4 is a high-quality Sports product, designed to meet all your needs and exceed expectations.",,,
390,Bose QuietComfort 35,"The Bose QuietComfort 35 is a high-quality Electronics product, designed to meet all your needs and exceed expectations.",,,
391,Apple Watch Series 6,"The Apple Watch Series 6 is a high-quality Electronics product, designed to meet all your needs and exceed expectations.",,,
392,Under Armour T-Shirt,"The Under Armour T-Shirt is a high-quality Sports product, designed to meet all your needs and exceed expectations.",,,
393,Asics Gel-Kayano 27,"The Asics Gel-Kayano 27 is a high-quality Sports product, designed to meet all your needs and exceed expectations.",,,
394,Reebok Running Shoes,"The Reebok Running Shoes are designed for comfort and performance, making them perfect for athletes and fitness enthusiasts.",,,
395,Apple MacBook Pro,"The Apple MacBook Pro is a high-quality Electronics product, designed to meet all your needs and exceed expectations.",,,
396,Garmin Forerunner 45,"The Garmin Forerunner 45 is a high-quality Sports product, designed to meet all your needs and exceed expectations.",,,
397,Garmin Forerunner 45,"The Garmin Forerunner 45 is a high-quality Sports product, designed to meet all your needs and exceed expectations.",,,
398,Apple Watch Series 6,"The Apple Watch Series 6 is a high-quality Electronics product, designed to meet all your needs and exceed expectations.",,,
399,Wilson Tennis Racket,"The Wilson Tennis Racket is a high-quality Sports product, designed to meet all your needs and exceed expectations.",,,
400,Dell Inspiron Laptop,"The Dell Inspiron Laptop is a powerful and versatile computer, suitable for both work and entertainment. It combines high performance with portability.",,,
401,Google Nest Hub,"The Google Nest Hub is a high-quality Electronics product, designed to meet all your needs and exceed expectations.",,,
402,Google Nest Hub,"The Google Nest Hub is a high-quality Electronics product, designed to meet all your needs and exceed expectations.",,,
403,Asics Gel-Kayano 27,"The Asics Gel-Kayano 27 is a high-quality Sports product, designed to meet all your needs and exceed expectations.",,,
404,Google Nest Hub,"The Google Nest Hub is a high-quality Electronics product, designed to meet all your needs and exceed expectations.",,,
405,Samsung Galaxy Tab,"The Samsung Galaxy Tab by Samsung offers cutting-edge features and performance, ideal for those who want a high-end smartphone experience.",,,
406,Adidas Sports Bag,"The Adidas Sports Bag is a high-quality Sports product, designed to meet all your needs and exceed expectations.",,,
407,Under Armour T-Shirt,"The Under Armour T-Shirt is a high-quality Sports product, designed to meet all your needs and exceed expectations.",,,
408,Wilson Tennis Racket,"The Wilson Tennis Racket is a high-quality Sports product, designed to meet all your needs and exceed expectations.",,,
409,Asics Gel-Kayano 27,"The Asics Gel-Kayano 27 is a high-quality Sports product, designed to meet all your needs and exceed expectations.",,,
410,Apple MacBook Pro,"The Apple MacBook Pro is a high-quality Electronics product, designed to meet all your needs and exceed expectations.",,,
411,Wilson Tennis Racket,"The Wilson Tennis Racket is a high-quality Sports product, designed to meet all your needs and exceed expectations.",,,
412,Apple MacBook Pro,"The Apple MacBook Pro is a high-quality Electronics product, designed to meet all your needs and exceed expectations.",,,
413,Adidas Sports Bag,"The Adidas Sports Bag is a high-quality Sports product, designed to meet all your needs and exceed expectations.",,,
414,Puma Gym Gloves,"The Puma Gym Gloves is a high-quality Sports product, designed to meet all your needs and exceed expectations.",,,
415,Asics Gel-Kayano 27,"The Asics Gel-Kayano 27 is a high-quality Sports product, designed to meet all your needs and exceed expectations.",,,
416,Reebok Running Shoes,"The Reebok Running Shoes are designed for comfort and performance, making them perfect for athletes and fitness enthusiasts.",,,
417,Google Nest Hub,"The Google Nest Hub is a high-quality Electronics product, designed to meet all your needs and exceed expectations.",,,
418,Google Nest Hub,"The Google Nest Hub is a high-quality Electronics product, designed to meet all your needs and exceed expectations.",,,
419,Adidas Sports Bag,"The Adidas Sports Bag is a high-quality Sports product, designed to meet all your needs and exceed expectations.",,,
420,Google Nest Hub,"The Google Nest Hub is a high-quality Electronics product, designed to meet all your needs and exceed expectations.",,,
421,Garmin Forerunner 45,"The Garmin Forerunner 45 is a high-quality Sports product, designed to meet all your needs and exceed expectations.",,,
422,Apple MacBook Pro,"The Apple MacBook Pro is a high-quality Electronics product, designed to meet all your needs and exceed expectations.",,,
423,Reebok Running Shoes,"The Reebok Running Shoes are designed for comfort and performance, making them perfect for athletes and fitness enthusiasts.",,,
424,Fitbit Charge 4,"The Fitbit Charge 4 is a high-quality Sports product, designed to meet all your needs and exceed expectations.",,,
425,Under Armour T-Shirt,"The Under Armour T-Shirt is a high-quality Sports product, designed to meet all your needs and exceed expectations.",,,
426,Garmin Forerunner 45,"The Garmin Forerunner 45 is a high-quality Sports product, designed to meet all your needs and exceed expectations.",,,
427,Samsung Galaxy Tab,"The Samsung Galaxy Tab by Samsung offers cutting-edge features and performance, ideal for those who want a high-end smartphone experience.",,,
428,Roku Streaming Stick,"The Roku Streaming Stick is a high-quality Electronics product, designed to meet all your needs and exceed expectations.",,,
429,Adidas Sports Bag,"The Adidas Sports Bag is a high-quality Sports product, designed to meet all your needs and exceed expectations.",,,
430,Garmin Forerunner 45,"The Garmin Forerunner 45 is a high-quality Sports product, designed to meet all your needs and exceed expectations.",,,
431,Reebok Running Shoes,"The Reebok Running Shoes are designed for comfort and performance, making them perfect for athletes and fitness enthusiasts.",,,
432,Garmin Forerunner 45,"The Garmin Forerunner 45 is a high-quality Sports product, designed to meet all your needs and exceed expectations.",,,
433,Adidas Sports Bag,"The Adidas Sports Bag is a high-quality Sports product, designed to meet all your needs and exceed expectations.",,,
434,Bose QuietComfort 35,"The Bose QuietComfort 35 is a high-quality Electronics product, designed to meet all your needs and exceed expectations.",,,
435,Apple Watch Series 6,"The Apple Watch Series 6 is a high-quality Electronics product, designed to meet all your needs and exceed expectations.",,,
436,New Balance Running Shorts,"The New Balance Running Shorts is a high-quality Sports product, designed to meet all your needs and exceed expectations.",,,
437,Garmin Forerunner 45,"The Garmin Forerunner 45 is a high-quality Sports product, designed to meet all your needs and exceed expectations.",,,
438,Asics Gel-Kayano 27,"The Asics Gel-Kayano 27 is a high-quality Sports product, designed to meet all your needs and exceed expectations.",,,
439,Bose QuietComfort 35,"The Bose QuietComfort 35 is a high-quality Electronics product, designed to meet all your needs and exceed expectations.",,,
440,Samsung Galaxy Tab,"The Samsung Galaxy Tab by Samsung offers cutting-edge features and performance, ideal for those who want a high-end smartphone experience.",,,
441,Asics Gel-Kayano 27,"The Asics Gel-Kayano 27 is a high-quality Sports product, designed to meet all your needs and exceed expectations.",,,
442,New Balance Running Shorts,"The New Balance Running Shorts is a high-quality Sports product, designed to meet all your needs and exceed expectations.",,,
443,Apple MacBook Pro,"The Apple MacBook Pro is a high-quality Electronics product, designed to meet all your needs and exceed expectations.",,,
444,Wilson Tennis Racket,"The Wilson Tennis Racket is a high-quality Sports product, designed to meet all your needs and exceed expectations.",,,
445,Wilson Tennis Racket,"The Wilson Tennis Racket is a high-quality Sports product, designed to meet all your needs and exceed expectations.",,,
446,Apple Watch Series 6,"The Apple Watch Series 6 is a high-quality Electronics product, designed to meet all your needs and exceed expectations.",,,
447,Bose QuietComfort 35,"The Bose QuietComfort 35 is a high-quality Electronics product, designed to meet all your needs and exceed expectations.",,,
448,Canon EOS M50,"The Canon EOS M50 is a high-quality Electronics product, designed to meet all your needs and exceed expectations.",,,
449,New Balance Running Shorts,"The New Balance Running Shorts is a high-quality Sports product, designed to meet all your needs and exceed expectations.",,,
450,Google Nest Hub,"The Google Nest Hub is a high-quality Electronics product, designed to meet all your needs and exceed expectations.",,,
451,Wilson Tennis Racket,"The Wilson Tennis Racket is a high-quality Sports product, designed to meet all your needs and exceed expectations.",,,
452,Dell Inspiron Laptop,"The Dell Inspiron Laptop is a powerful and versatile computer, suitable for both work and entertainment. It combines high performance with portability.",,,
453,Apple MacBook Pro,"The Apple MacBook Pro is a high-quality Electronics product, designed to meet all your needs and exceed expectations.",,,
454,Adidas Sports Bag,"The Adidas Sports Bag is a high-quality Sports product, designed to meet all your needs and exceed expectations.",,,
455,Microsoft Surface Pro,"The Microsoft Surface Pro is a high-quality Electronics product, designed to meet all your needs and exceed expectations.",,,
456,Sony PlayStation 5,"The Sony PlayStation 5 is a high-quality Electronics product, designed to meet all your needs and exceed expectations.",,,
457,New Balance Running Shorts,"The New Balance Running Shorts is a high-quality Sports product, designed to meet all your needs and exceed expectations.",,,
458,Wilson Tennis Racket,"The Wilson Tennis Racket is a high-quality Sports product, designed to meet all your needs and exceed expectations.",,,
459,Apple Watch Series 6,"The Apple Watch Series 6 is a high-quality Electronics product, designed to meet all your needs and exceed expectations.",,,
460,Nike Yoga Mat,"The Nike Yoga Mat is a high-quality Sports product, designed to meet all your needs and exceed expectations.",,,
461,Apple Watch Series 6,"The Apple Watch Series 6 is a high-quality Electronics product, designed to meet all your needs and exceed expectations.",,,
462,Garmin Forerunner 45,"The Garmin Forerunner 45 is a high-quality Sports product, designed to meet all your needs and exceed expectations.",,,
463,Nike Yoga Mat,"The Nike Yoga Mat is a high-quality Sports product, designed to meet all your needs and exceed expectations.",,,
464,Sony PlayStation 5,"The Sony PlayStation 5 is a high-quality Electronics product, designed to meet all your needs and exceed expectations.",,,
465,Google Nest Hub,"The Google Nest Hub is a high-quality Electronics product, designed to meet all your needs and exceed expectations.",,,
466,Adidas Sports Bag,"The Adidas Sports Bag is a high-quality Sports product, designed to meet all your needs and exceed expectations.",,,
467,Wilson Tennis Racket,"The Wilson Tennis Racket is a high-quality Sports product, designed to meet all your needs and exceed expectations.",,,
468,Puma Gym Gloves,"The Puma Gym Gloves is a high-quality Sports product, designed to meet all your needs and exceed expectations.",,,
469,Puma Gym Gloves,"The Puma Gym Gloves is a high-quality Sports product, designed to meet all your needs and exceed expectations.",,,
470,Fitbit Charge 4,"The Fitbit Charge 4 is a high-quality Sports product, designed to meet all your needs and exceed expectations.",,,
471,Reebok Running Shoes,"The Reebok Running Shoes are designed for comfort and performance, making them perfect for athletes and fitness enthusiasts.",,,
472,Dell Inspiron Laptop,"The Dell Inspiron Laptop is a powerful and versatile computer, suitable for both work and entertainment. It combines high performance with portability.",,,
473,New Balance Running Shorts,"The New Balance Running Shorts is a high-quality Sports product, designed to meet all your needs and exceed expectations.",,,
474,Reebok Running Shoes,"The Reebok Running Shoes are designed for comfort and performance, making them perfect for athletes and fitness enthusiasts.",,,
475,Apple MacBook Pro,"The Apple MacBook Pro is a high-quality Electronics product, designed to meet all your needs and exceed expectations.",,,
476,Dell Inspiron Laptop,"The Dell Inspiron Laptop is a powerful and versatile computer, suitable for both work and entertainment. It combines high performance with portability.",,,
477,Adidas Sports Bag,"The Adidas Sports Bag is a high-quality Sports product, designed to meet all your needs and exceed expectations.",,,
478,Roku Streaming Stick,"The Roku Streaming Stick is a high-quality Electronics product, designed to meet all your needs and exceed expectations.",,,
479,Bose QuietComfort 35,"The Bose QuietComfort 35 is a high-quality Electronics product, designed to meet all your needs and exceed expectations.",,,
480,Google Nest Hub,"The Google Nest Hub is a high-quality Electronics product, designed to meet all your needs and exceed expectations.",,,
481,Samsung Galaxy Tab,"The Samsung Galaxy Tab by Samsung offers cutting-edge features and performance, ideal for those who want a high-end smartphone experience.",,,
482,Google Nest Hub,"The Google Nest Hub is a high-quality Electronics product, designed to meet all your needs and exceed expectations.",,,
483,Dell Inspiron Laptop,"The Dell Inspiron Laptop is a powerful and versatile computer, suitable for both work and entertainment. It combines high performance with portability.",,,
484,Bose QuietComfort 35,"The Bose QuietComfort 35 is a high-quality Electronics product, designed to meet all your needs and exceed expectations.",,,
485,Reebok Running Shoes,"The Reebok Running Shoes are designed for comfort and performance, making them perfect for athletes and fitness enthusiasts.",,,
486,Canon EOS M50,"The Canon EOS M50 is a high-quality Electronics product, designed to meet all your needs and exceed expectations.",,,
487,Asics Gel-Kayano 27,"The Asics Gel-Kayano 27 is a high-quality Sports product, designed to meet all your needs and exceed expectations.",,,
488,Adidas Sports Bag,"The Adidas Sports Bag is a high-quality Sports product, designed to meet all your needs and exceed expectations.",,,
489,Apple MacBook Pro,"The Apple MacBook Pro is a high-quality Electronics product, designed to meet all your needs and exceed expectations.",,,
490,Samsung Galaxy Tab,"The Samsung Galaxy Tab by Samsung offers cutting-edge features and performance, ideal for those who want a high-end smartphone experience.",,,
491,Asics Gel-Kayano 27,"The Asics Gel-Kayano 27 is a high-quality Sports product, designed to meet all your needs and exceed expectations.",,,
492,Samsung Galaxy Tab,"The Samsung Galaxy Tab by Samsung offers cutting-edge features and performance, ideal for those who want a high-end smartphone experience.",,,
493,Google Nest Hub,"The Google Nest Hub is a high-quality Electronics product, designed to meet all your needs and exceed expectations.",,,
494,Apple Watch Series 6,"The Apple Watch Series 6 is a high-quality Electronics product, designed to meet all your needs and exceed expectations.",,,
495,Wilson Tennis Racket,"The Wilson Tennis Racket is a high-quality Sports product, designed to meet all your needs and exceed expectations.",,,
496,Reebok Running Shoes,"The Reebok Running Shoes are designed for comfort and performance, making them perfect for athletes and fitness enthusiasts.",,,
497,New Balance Running Shorts,"The New Balance Running Shorts is a high-quality Sports product, designed to meet all your needs and exceed expectations.",,,
498,Asics Gel-Kayano 27,"The Asics Gel-Kayano 27 is a high-quality Sports product, designed to meet all your needs and exceed expectations.",,,
499,Adidas Sports Bag,"The Adidas Sports Bag is a high-quality Sports product, designed to meet all your needs and exceed expectations.",,,
500,Garmin Forerunner 45,"The Garmin Forerunner 45 is a high-quality Sports product, designed to meet all your needs and exceed expectations.",,,
501,Organic Apples,Description of the product,path/to/image.jpg,Grocery,Organic Apples
502,Bananas,Description of the product,path/to/image.jpg,Grocery,Bananas
503,Almond Milk,Description of the product,path/to/image.jpg,Grocery,Almond Milk
504,Brown Rice,Description of the product,path/to/image.jpg,Grocery,Brown Rice
505,Chia Seeds,Description of the product,path/to/image.jpg,Grocery,Chia Seeds
506,Quinoa,Description of the product,path/to/image.jpg,Grocery,Quinoa
507,Greek Yogurt,Description of the product,path/to/image.jpg,Grocery,Greek Yogurt
508,Oats,Description of the product,path/to/image.jpg,Grocery,Oats
509,Chicken Breast,Description of the product,path/to/image.jpg,Grocery,Chicken Breast
510,Spinach,Description of the product,path/to/image.jpg,Grocery,Spinach
511,Broccoli,Description of the product,path/to/image.jpg,Grocery,Broccoli
512,Avocado,Description of the product,path/to/image.jpg,Grocery,Avocado
513,Blueberries,Description of the product,path/to/image.jpg,Grocery,Blueberries
514,Salmon,Description of the product,path/to/image.jpg,Grocery,Salmon
515,Almonds,Description of the product,path/to/image.jpg,Grocery,Almonds
516,Sweet Potatoes,Description of the product,path/to/image.jpg,Grocery,Sweet Potatoes
517,Eggs,Description of the product,path/to/image.jpg,Grocery,Eggs
518,Coconut Oil,Description of the product,path/to/image.jpg,Grocery,Coconut Oil
519,Green Tea,Description of the product,path/to/image.jpg,Grocery,Green Tea
520,Garlic,Description of the product,path/to/image.jpg,Grocery,Garlic
521,Bell Peppers,Description of the product,path/to/image.jpg,Grocery,Bell Peppers
522,Carrots,Description of the product,path/to/image.jpg,Grocery,Carrots
523,Walnuts,Description of the product,path/to/image.jpg,Grocery,Walnuts
524,Tomatoes,Description of the product,path/to/image.jpg,Grocery,Tomatoes
525,Black Beans,Description of the product,path/to/image.jpg,Grocery,Black Beans
526,Chickpeas,Description of the product,path/to/image.jpg,Grocery,Chickpeas
527,Cucumber,Description of the product,path/to/image.jpg,Grocery,Cucumber
528,Oranges,Description of the product,path/to/image.jpg,Grocery,Oranges
529,Kale,Description of the product,path/to/image.jpg,Grocery,Kale
530,Peanut Butter,Description of the product,path/to/image.jpg,Grocery,Peanut Butter
531,Refrigerator,Description of the product,path/to/image.jpg,Home Appliances,Refrigerator
532,Washing Machine,Description of the product,path/to/image.jpg,Home Appliances,Washing Machine
533,Microwave Oven,Description of the product,path/to/image.jpg,Home Appliances,Microwave Oven
534,Air Conditioner,Description of the product,path/to/image.jpg,Home Appliances,Air Conditioner
535,Vacuum Cleaner,Description of the product,path/to/image.jpg,Home Appliances,Vacuum Cleaner
536,Dishwasher,Description of the product,path/to/image.jpg,Home Appliances,Dishwasher
537,Electric Kettle,Description of the product,path/to/image.jpg,Home Appliances,Electric Kettle
538,Toaster,Description of the product,path/to/image.jpg,Home Appliances,Toaster
539,Coffee Maker,Description of the product,path/to/image.jpg,Home Appliances,Coffee Maker
540,Blender,Description of the product,path/to/image.jpg,Home Appliances,Blender
541,Iron,Description of the product,path/to/image.jpg,Home Appliances,Iron
542,Hair Dryer,Description of the product,path/to/image.jpg,Home Appliances,Hair Dryer
543,Water Purifier,Description of the product,path/to/image.jpg,Home Appliances,Water Purifier
544,Room Heater,Description of the product,path/to/image.jpg,Home Appliances,Room Heater
545,Air Purifier,Description of the product,path/to/image.jpg,Home Appliances,Air Purifier
546,Fan,Description of the product,path/to/image.jpg,Home Appliances,Fan
547,Mixer Grinder,Description of the product,path/to/image.jpg,Home Appliances,Mixer Grinder
548,Electric Rice Cooker,Description of the product,path/to/image.jpg,Home Appliances,Electric Rice Cooker
549,Induction Cooktop,Description of the product,path/to/image.jpg,Home Appliances,Induction Cooktop
550,Juicer,Description of the product,path/to/image.jpg,Home Appliances,Juicer
551,Electric Grill,Description of the product,path/to/image.jpg,Home Appliances,Electric Grill
552,Handheld Vacuum,Description of the product,path/to/image.jpg,Home Appliances,Handheld Vacuum
553,Steam Iron,Description of the product,path/to/image.jpg,Home Appliances,Steam Iron
554,Electric Shaver,Description of the product,path/to/image.jpg,Home Appliances,Electric Shaver
555,Bread Maker,Description of the product,path/to/image.jpg,Home Appliances,Bread Maker
556,Electric Pressure Cooker,Description of the product,path/to/image.jpg,Home Appliances,Electric Pressure Cooker
557,Deep Fryer,Description of the product,path/to/image.jpg,Home Appliances,Deep Fryer
558,Portable Heater,Description of the product,path/to/image.jpg,Home Appliances,Portable Heater
559,Dish Drying Rack,Description of the product,path/to/image.jpg,Home Appliances,Dish Drying Rack
560,Food Processor,Description of the product,path/to/image.jpg,Home Appliances,Food Processor
561,Lawn Mower,Description of the product,path/to/image.jpg,Patio and Garden,Lawn Mower
562,Garden Hose,Description of the product,path/to/image.jpg,Patio and Garden,Garden Hose
563,Patio Furniture,Description of the product,path/to/image.jpg,Patio and Garden,Patio Furniture
564,Garden Shovel,Description of the product,path/to/image.jpg,Patio and Garden,Garden Shovel
565,Grill,Description of the product,path/to/image.jpg,Patio and Garden,Grill
566,Flower Pots,Description of the product,path/to/image.jpg,Patio and Garden,Flower Pots
567,Garden Rake,Description of the product,path/to/image.jpg,Patio and Garden,Garden Rake
568,Outdoor Umbrella,Description of the product,path/to/image.jpg,Patio and Garden,Outdoor Umbrella
569,Weed Trimmer,Description of the product,path/to/image.jpg,Patio and Garden,Weed Trimmer
570,Compost Bin,Description of the product,path/to/image.jpg,Patio and Garden,Compost Bin
571,Patio Heater,Description of the product,path/to/image.jpg,Patio and Garden,Patio Heater
572,Bird Feeder,Description of the product,path/to/image.jpg,Patio and Garden,Bird Feeder
573,Garden Gloves,Description of the product,path/to/image.jpg,Patio and Garden,Garden Gloves
574,Planter Box,Description of the product,path/to/image.jpg,Patio and Garden,Planter Box
575,Outdoor String Lights,Description of the product,path/to/image.jpg,Patio and Garden,Outdoor String Lights
576,Hammock,Description of the product,path/to/image.jpg,Patio and Garden,Hammock
577,Garden Trowel,Description of the product,path/to/image.jpg,Patio and Garden,Garden Trowel
578,Watering Can,Description of the product,path/to/image.jpg,Patio and Garden,Watering Can
579,Garden Kneeler,Description of the product,path/to/image.jpg,Patio and Garden,Garden Kneeler
580,Garden Sprayer,Description of the product,path/to/image.jpg,Patio and Garden,Garden Sprayer
581,Outdoor Fire Pit,Description of the product,path/to/image.jpg,Patio and Garden,Outdoor Fire Pit
582,Garden Cart,Description of the product,path/to/image.jpg,Patio and Garden,Garden Cart
583,Garden Shears,Description of the product,path/to/image.jpg,Patio and Garden,Garden Shears
584,Garden Fork,Description of the product,path/to/image.jpg,Patio and Garden,Garden Fork
585,Solar Garden Lights,Description of the product,path/to/image.jpg,Patio and Garden,Solar Garden Lights
586,Garden Fence,Description of the product,path/to/image.jpg,Patio and Garden,Garden Fence
587,Garden Gnome,Description of the product,path/to/image.jpg,Patio and Garden,Garden Gnome
588,Garden Statue,Description of the product,path/to/image.jpg,Patio and Garden,Garden Statue
589,Outdoor Storage Box,Description of the product,path/to/image.jpg,Patio and Garden,Outdoor Storage Box
590,Garden Soil,Description of the product,path/to/image.jpg,Patio and Garden,Garden Soil
591,Denim Jeans,Description of the product,path/to/image.jpg,Fashion,Denim Jeans
592,Leather Jacket,Description of the product,path/to/image.jpg,Fashion,Leather Jacket
593,Sneakers,Description of the product,path/to/image.jpg,Fashion,Sneakers
594,Sunglasses,Description of the product,path/to/image.jpg,Fashion,Sunglasses
595,Handbag,Description of the product,path/to/image.jpg,Fashion,Handbag
596,Watch,Description of the product,path/to/image.jpg,Fashion,Watch
597,Scarf,Description of the product,path/to/image.jpg,Fashion,Scarf
598,Blazer,Description of the product,path/to/image.jpg,Fashion,Blazer
599,Dress Shoes,Description of the product,path/to/image.jpg,Fashion,Dress Shoes
600,Casual Shirt,Description of the product,path/to/image.jpg,Fashion,Casual Shirt
601,T-Shirt,Description of the product,path/to/image.jpg,Fashion,T-Shirt
602,Sweater,Description of the product,path/to/image.jpg,Fashion,Sweater
603,Dress,Description of the product,path/to/image.jpg,Fashion,Dress
604,Skirt,Description of the product,path/to/image.jpg,Fashion,Skirt
605,Blouse,Description of the product,path/to/image.jpg,Fashion,Blouse
606,Belt,Description of the product,path/to/image.jpg,Fashion,Belt
607,Cap,Description of the product,path/to/image.jpg,Fashion,Cap
608,Backpack,Description of the product,path/to/image.jpg,Fashion,Backpack
609,Sandals,Description of the product,path/to/image.jpg,Fashion,Sandals
610,Boots,Description of the product,path/to/image.jpg,Fashion,Boots
611,Necklace,Description of the product,path/to/image.jpg,Fashion,Necklace
612,Earrings,Description of the product,path/to/image.jpg,Fashion,Earrings
613,Bracelet,Description of the product,path/to/image.jpg,Fashion,Bracelet
614,Ring,Description of the product,path/to/image.jpg,Fashion,Ring
615,Swimwear,Description of the product,path/to/image.jpg,Fashion,Swimwear
616,Jumpsuit,Description of the product,path/to/image.jpg,Fashion,Jumpsuit
617,Tracksuit,Description of the product,path/to/image.jpg,Fashion,Tracksuit
618,Hoodie,Description of the product,path/to/image.jpg,Fashion,Hoodie
619,Lingerie,Description of the product,path/to/image.jpg,Fashion,Lingerie
620,Sports Bra,Description of the product,path/to/image.jpg,Fashion,Sports Bra
621,Baby Stroller,Description of the product,path/to/image.jpg,Baby,Baby Stroller
622,Diapers,Description of the product,path/to/image.jpg,Baby,Diapers
623,Baby Formula,Description of the product,path/to/image.jpg,Baby,Baby Formula
624,Baby Crib,Description of the product,path/to/image.jpg,Baby,Baby Crib
625,Baby Monitor,Description of the product,path/to/image.jpg,Baby,Baby Monitor
626,Baby Clothes,Description of the product,path/to/image.jpg,Baby,Baby Clothes
627,Baby Bottles,Description of the product,path/to/image.jpg,Baby,Baby Bottles
628,Pacifiers,Description of the product,path/to/image.jpg,Baby,Pacifiers
629,Baby Swing,Description of the product,path/to/image.jpg,Baby,Baby Swing
630,Baby Carrier,Description of the product,path/to/image.jpg,Baby,Baby Carrier
631,High Chair,Description of the product,path/to/image.jpg,Baby,High Chair
632,Baby Wipes,Description of the product,path/to/image.jpg,Baby,Baby Wipes
633,Baby Blanket,Description of the product,path/to/image.jpg,Baby,Baby Blanket
634,Diaper Bag,Description of the product,path/to/image.jpg,Baby,Diaper Bag
635,Baby Bathtub,Description of the product,path/to/image.jpg,Baby,Baby Bathtub
636,Baby Shampoo,Description of the product,path/to/image.jpg,Baby,Baby Shampoo
637,Baby Lotion,Description of the product,path/to/image.jpg,Baby,Baby Lotion
638,Teething Toys,Description of the product,path/to/image.jpg,Baby,Teething Toys
639,Baby Books,Description of the product,path/to/image.jpg,Baby,Baby Books
640,Baby Toys,Description of the product,path/to/image.jpg,Baby,Baby Toys
641,Baby Walker,Description of the product,path/to/image.jpg,Baby,Baby Walker
642,Baby Bouncer,Description of the product,path/to/image.jpg,Baby,Baby Bouncer
643,Baby Mattress,Description of the product,path/to/image.jpg,Baby,Baby Mattress
644,Baby Food,Description of the product,path/to/image.jpg,Baby,Baby Food
645,Breast Pump,Description of the product,path/to/image.jpg,Baby,Breast Pump
646,Baby Bibs,Description of the product,path/to/image.jpg,Baby,Baby Bibs
647,Changing Pad,Description of the product,path/to/image.jpg,Baby,Changing Pad
648,Baby Grooming Kit,Description of the product,path/to/image.jpg,Baby,Baby Grooming Kit
649,Baby Safety Gates,Description of the product,path/to/image.jpg,Baby,Baby Safety Gates
650,Baby Car Seat,Description of the product,path/to/image.jpg,Baby,Baby Car Seat
651,Building Blocks,Description of the product,path/to/image.jpg,Toys,Building Blocks
652,Action Figures,Description of the product,path/to/image.jpg,Toys,Action Figures
653,Dolls,Description of the product,path/to/image.jpg,Toys,Dolls
654,Puzzle,Description of the product,path/to/image.jpg,Toys,Puzzle
655,Toy Cars,Description of the product,path/to/image.jpg,Toys,Toy Cars
656,Stuffed Animals,Description of the product,path/to/image.jpg,Toys,Stuffed Animals
657,Board Games,Description of the product,path/to/image.jpg,Toys,Board Games
658,Remote Control Cars,Description of the product,path/to/image.jpg,Toys,Remote Control Cars
659,Toy Train Set,Description of the product,path/to/image.jpg,Toys,Toy Train Set
660,Play-Doh,Description of the product,path/to/image.jpg,Toys,Play-Doh
661,Lego Set,Description of the product,path/to/image.jpg,Toys,Lego Set
662,Toy Kitchen,Description of the product,path/to/image.jpg,Toys,Toy Kitchen
663,Art Supplies,Description of the product,path/to/image.jpg,Toys,Art Supplies
664,Educational Toys,Description of the product,path/to/image.jpg,Toys,Educational Toys
665,Outdoor Playhouse,Description of the product,path/to/image.jpg,Toys,Outdoor Playhouse
666,Scooter,Description of the product,path/to/image.jpg,Toys,Scooter
667,Bicycle,Description of the product,path/to/image.jpg,Toys,Bicycle
668,Play Tent,Description of the product,path/to/image.jpg,Toys,Play Tent
669,Rubik's Cube,Description of the product,path/to/image.jpg,Toys,Rubik's Cube
670,Yo-Yo,Description of the product,path/to/image.jpg,Toys,Yo-Yo
671,Musical Instruments,Description of the product,path/to/image.jpg,Toys,Musical Instruments
672,Video Games,Description of the product,path/to/image.jpg,Toys,Video Games
673,Sports Equipment,Description of the product,path/to/image.jpg,Toys,Sports Equipment
674,Modeling Clay,Description of the product,path/to/image.jpg,Toys,Modeling Clay
675,Finger Puppets,Description of the product,path/to/image.jpg,Toys,Finger Puppets
676,Magic Set,Description of the product,path/to/image.jpg,Toys,Magic Set
677,Toy Soldiers,Description of the product,path/to/image.jpg,Toys,Toy Soldiers
678,Water Gun,Description of the product,path/to/image.jpg,Toys,Water Gun
679,Marbles,Description of the product,path/to/image.jpg,Toys,Marbles
680,Bubble Blower,Description of the product,path/to/image.jpg,Toys,Bubble Blower
681,Vitamin C,Description of the product,path/to/image.jpg,Health and Wellness,Vitamin C
682,Yoga Mat,Description of the product,path/to/image.jpg,Health and Wellness,Yoga Mat
683,Resistance Bands,Description of the product,path/to/image.jpg,Health and Wellness,Resistance Bands
684,Dumbbells,Description of the product,path/to/image.jpg,Health and Wellness,Dumbbells
685,Treadmill,Description of the product,path/to/image.jpg,Health and Wellness,Treadmill
686,Exercise Bike,Description of the product,path/to/image.jpg,Health and Wellness,Exercise Bike
687,Protein Powder,Description of the product,path/to/image.jpg,Health and Wellness,Protein Powder
688,First Aid Kit,Description of the product,path/to/image.jpg,Health and Wellness,First Aid Kit
689,Thermometer,Description of the product,path/to/image.jpg,Health and Wellness,Thermometer
690,Blood Pressure Monitor,Description of the product,path/to/image.jpg,Health and Wellness,Blood Pressure Monitor
691,Hand Sanitizer,Description of the product,path/to/image.jpg,Health and Wellness,Hand Sanitizer
692,Face Mask,Description of the product,path/to/image.jpg,Health and Wellness,Face Mask
693,Essential Oils,Description of the product,path/to/image.jpg,Health and Wellness,Essential Oils
694,Massage Gun,Description of the product,path/to/image.jpg,Health and Wellness,Massage Gun
695,Foam Roller,Description of the product,path/to/image.jpg,Health and Wellness,Foam Roller
696,Running Shoes,Description of the product,path/to/image.jpg,Health and Wellness,Running Shoes
697,Fitness Tracker,Description of the product,path/to/image.jpg,Health and Wellness,Fitness Tracker
698,Yoga Block,Description of the product,path/to/image.jpg,Health and Wellness,Yoga Block
699,Water Bottle,Description of the product,path/to/image.jpg,Health and Wellness,Water Bottle
700,Healthy Snacks,Description of the product,path/to/image.jpg,Health and Wellness,Healthy Snacks
701,Herbal Tea,Description of the product,path/to/image.jpg,Health and Wellness,Herbal Tea
702,Sleep Mask,Description of the product,path/to/image.jpg,Health and Wellness,Sleep Mask
703,Electric Toothbrush,Description of the product,path/to/image.jpg,Health and Wellness,Electric Toothbrush
704,Shampoo,Description of the product,path/to/image.jpg,Health and Wellness,Shampoo
705,Conditioner,Description of the product,path/to/image.jpg,Health and Wellness,Conditioner
706,Body Wash,Description of the product,path/to/image.jpg,Health and Wellness,Body Wash
707,Moisturizer,Description of the product,path/to/image.jpg,Health and Wellness,Moisturizer
708,Sunscreen,Description of the product,path/to/image.jpg,Health and Wellness,Sunscreen
709,Lip Balm,Description of the product,path/to/image.jpg,Health and Wellness,Lip Balm
710,Hair Brush,Description of the product,path/to/image.jpg,Health and Wellness,Hair Brush
